timestamp,latitude,longitude,altitude,imu_acc_x,imu_acc_y,imu_acc_z,imu_gyro_x,imu_gyro_y,imu_gyro_z,lidar_distance,speed,wind_speed,battery_level,obstacle_detected,obstacle_size
0,37.775711092611054,0.0012508129393948,158.05697920318397,1.2401262507632609,2.833097809122247,0.170892005757282,-143.01147220580842,-128.32946097413222,-52.38998984219249,31.324056610410853,24.973488729918376,12.365099422513756,24.360280339027,1,1.1
1,37.77583003583581,-0.0012179163947656,95.36323871258836,-1.8434879375237263,0.594429062011443,2.2669150354204284,58.09454509513,22.633947177842543,-176.79388804140962,18.02479636564768,20.19101956538456,11.111583854162308,57.71282713007536,1,1.6
37,37.77380527316848,0.0014258617942055,286.2203379095604,-0.1693970931010584,1.46448266463036,2.716951889678862,-170.25816454303848,-115.8812438549632,-22.257117417248537,17.472103995425925,20.24535597268413,8.50866628058095,75.75503710616425,1,1.4
46,37.774165284501095,-0.0007783818304985,153.4826369304654,-1.5615349623704493,1.6381913922343028,-1.3838113347087064,-158.1851107176089,-3.239290723405759,89.67011088094785,10.93571355653732,7.158791533014012,7.997590026322612,55.27737493701433,1,1.3
78,37.7765530059044,0.0005758343798383,222.2708935835767,-0.0523942290599954,0.4616714558637618,-1.751488857112409,150.6369555601628,111.30519724077816,73.93789980017937,12.372064754294753,21.21492228383108,19.80446428504404,74.4559290396992,1,0.9
85,37.77322402492376,-0.0018120164996541,491.6370748251488,-1.8815675155913336,-1.149664722590036,0.6107229864426946,-138.16660932096585,-41.51013370323537,55.82679588042794,7.350979417098153,28.391874591530573,16.6988702148365,85.05112944113145,1,0.9
89,37.77449250896737,5.50613817895731e-05,167.54007707326082,-2.5803359391682124,2.2940856710385225,-2.524997997147828,-171.26894302442818,178.72071024532954,-48.37038087320758,13.195691918302412,12.918761885792524,10.439004395666524,55.5659458589047,1,0.8
108,37.77563482596097,0.0007452477617442,419.5067470183309,-1.3600225012520224,-1.885672886994195,2.304985051160898,113.84358146620376,108.48979191267296,-120.90909829989867,45.851678470852086,15.138734345572503,15.801236788298311,34.461615902713014,1,1.5
113,37.7756126189877,-0.0015957616986592,497.07570217806864,-1.400042049670793,-1.1381392107390642,-0.1254484737046257,-135.21268589218982,128.2216696024513,-97.95069322095264,43.835483201003775,19.546962470873485,5.640501297938205,86.57651318432013,1,1.3
118,37.77359336300675,0.0012724209431547,56.511788676289264,-2.3379913570487822,-2.551271012982809,-2.1388820151464625,-81.85911785304131,67.19665897230004,141.53341068559956,3.534544839386062,9.960641676792582,19.727363424780105,99.73356871776292,1,1.4
125,37.77398664127345,-0.0008042533909255,466.0802680291378,1.269077401870911,-0.0427249227354975,0.6036778614631091,-63.137900917015386,-159.73154924271486,165.61168396886825,47.769270983553646,15.101282449612048,4.429269305605286,49.45222331630106,1,0.8
143,37.77619915734509,0.0006980076769633,299.0888984107325,-0.3508878209348096,0.6813558288690835,-0.5154244035441975,-176.82875733833413,118.17950190431856,-20.78154273253853,7.626196533189266,21.51408129964159,13.755955514336025,56.27131942816568,1,1.6
153,37.77332774410605,-0.0018306193800028,283.50028924298664,-1.9845144153426328,2.932631884170762,-1.0038882157461566,140.6220592560524,-174.29903602339502,-152.17450613492946,44.13946144017427,15.593490509280024,17.7574764376049,78.11928266343955,1,1.5
163,37.77490421448885,-0.0002618992386212,355.6924993910991,-2.293940924128206,2.589235980945194,2.0617427315378443,-145.49566079346056,47.536484093104775,-70.61784930479669,42.49571818855923,20.565101327531902,16.355643307926073,87.01875404999497,1,1.0
190,37.77568349612742,0.0010011413908503,125.23813454627076,1.5816261549779709,1.0259668921698957,-0.9836937224964446,125.2710283960435,-4.83099779143771,125.8293876350944,24.14134914426801,11.398005800154706,8.414954047224155,24.87497859875333,1,0.9
199,37.77588925586284,-0.0015021732158717,330.1321407857222,2.164212195252899,1.5277306965936388,0.8822101474025228,-144.47804468925116,-29.930464736645803,15.017751339485471,27.371095465427743,7.693400298653104,7.337606207315474,77.95694115409148,1,0.9
215,37.77365714159505,0.0014760660147594,437.23016896435024,2.50417191039166,1.963228800520412,-2.2664817822586265,117.00001044560366,-65.0824336517648,-178.78808373422282,38.89608374081583,10.71200036934986,18.13446113813703,79.37085306329749,1,1.0
216,37.7738076641601,-0.0009505931697106,263.1920691824241,-0.2176095844120755,1.6139040010584391,-0.4490175320681024,2.577812733295559,20.860150935229115,165.80060060457305,36.20402716830706,26.562940436692365,13.686527226706112,61.80734050487433,1,1.2
241,37.77610294397389,0.0007302079698333,443.02287396697136,1.800949419988778,0.4416347167428194,-2.703875740805011,-13.396654840006704,-126.2136798407899,-39.9648285102956,1.3034952128625077,28.81309094909061,19.92734158094556,33.818061002886594,1,1.1
260,37.77334320140231,-0.0020089708318334,423.5823349779623,0.9034487466560766,-0.9846103792979576,1.441706041577011,121.0881770017636,151.1323373556861,-43.81895061751257,19.08856149626577,24.62216946010324,14.03413168233114,65.43882282963011,1,1.0
281,37.774867462859376,0.000168050037257,70.46894366252357,0.7529810227002249,2.127514612856886,-0.9950536449172124,-30.61665659803731,-109.0677370006374,-87.36343244281763,30.623455064464576,15.992994220537533,19.157436429166456,94.30436959441616,1,1.3
290,37.77568180361392,0.0011114055766264,156.05920144881924,2.587348555073389,-1.7075357684271586,2.223741380467879,179.57388429188703,59.53725425555689,4.936691493699698,81.84031978905962,23.519525013286074,12.56186009230061,85.22127291952319,1,0.9
293,37.77542662281464,-0.001701739256728,489.38595007282527,2.9603392724344086,-1.058715850220095,1.9223601179939287,44.35692415233959,-115.2566101147548,58.15538132995863,44.901429545437246,9.89902706940724,17.846892705737297,54.27298182677176,1,1.0
303,37.77403752462492,0.0013743045870206,298.77880819314566,1.696414262161151,0.6483737118306672,-2.5817719037595923,75.84023037163553,-101.03096095827104,-81.56748708083957,62.87429585742676,8.890409398779221,7.993298115114838,62.622441934406766,1,1.1
305,37.77371014235372,-0.001059622869891,480.0296209016103,-2.696391677269172,-0.7066843942626537,-0.3605373365267139,57.589561641123936,38.82448912206763,169.40494013674925,10.543917041049378,9.287671392741714,17.535065435382677,57.25902807618934,1,1.2
311,37.776386156147495,0.0007563965807565,271.1070906209534,2.8573875402058464,0.5732956824351199,-2.6348450891713155,-123.85295308141356,71.77650845317521,-41.01563399026503,46.81349229101019,6.037645996897971,17.93252670613008,52.35813403913284,1,1.4
328,37.77341781183023,-0.0018607496540975,245.57344424026405,2.00285585323717,0.4114329188412848,-1.2643975629838051,-74.66826159349854,119.3851280770338,-100.06105745714312,9.510333155014465,5.950677799432673,5.305174080969152,26.67842705933093,1,1.0
331,37.77500414388626,0.0002346036475489,284.4461248922107,-1.6338802444224094,2.680603712981335,-1.625074877847427,10.796197609803102,-173.52816077657053,-90.12186930623729,26.7671788462664,11.098948438698097,16.56260780782548,62.927614969593336,1,1.2
333,37.77568034515164,0.0009468082515011,310.24809621693686,-2.927175250108797,-1.3024324255025768,1.0735726179622551,-99.18184601281293,38.86777747465456,70.88995630849632,32.13184509145429,29.01445705562706,16.412338799775107,86.88280539037511,1,1.3
338,37.77573156286662,-0.0012899924389392,82.55682945386849,1.5911412178861788,2.1401628199593867,-2.586460671929128,177.00503440206023,-131.83223832024385,-6.691437086331206,16.53761550012592,23.949625785113685,9.440631415760112,85.75985123033564,1,0.8
346,37.77381399262748,0.0013700853660507,440.4674568950096,-2.5055733924957333,2.938157206719133,1.81525354294405,-122.47250263595076,121.47033918274876,169.84019851429696,45.83397524147446,24.697691593611168,11.716384343189317,34.2449205571653,1,1.3
380,37.77381209548204,-0.0013894934853367,341.4690836556034,1.8133279138278109,-0.4989560444377936,-0.4848017406603047,32.325479944245046,108.11468469573008,57.95025586032307,40.83182643629627,11.221589717520176,18.65873432673012,40.4597638727943,1,0.9
398,37.776699357902565,0.0008675480194652,421.55215069076513,1.517691597978664,-1.7502864836145982,-1.740865197092763,-132.0550334262494,96.30332895485408,101.25855161764169,29.03976520761735,15.022905605643464,4.887057855411747,47.773889746661816,1,0.9
401,37.773488292853216,-0.0017231214055852,238.21883640615908,-0.1030950338975333,2.3466188650062163,0.3987104982062233,104.82792075950384,44.47139516788008,28.61346849436967,42.083533718000105,12.497655356503811,11.80613100684588,87.83612100669556,1,1.6
406,37.77472060579306,8.229488007844429e-05,197.31950605192964,1.2563444715067726,0.2874866620598952,-2.980313225938196,41.53066923289259,-0.8123379251621259,-34.922487955774386,18.293714117357787,27.04104335328967,13.63751370066398,75.23704780095915,1,1.6
408,37.77601259932871,0.0012200285800721,428.2023117374625,0.3911851270665067,0.2161497658623048,-2.175243365487741,29.53568825300636,69.8139293355448,-141.4362846210058,15.972404396994024,6.30474740937524,10.478917253517526,42.94863625580057,1,1.4
415,37.77583752067359,-0.0013735194839328,338.79893199845503,0.573015603436847,-0.188631743199525,-0.141104194951712,-108.63434679226944,143.52740181986638,35.18642817284831,44.15289046187512,29.17717424892059,15.40607913893744,30.82714807176197,1,1.0
446,37.77399521698932,0.0008829920806706,460.15430155467766,-1.2371878271069554,-2.6193026347403787,-0.4634524749953801,0.7908889728830388,94.88326392943428,114.79591840921626,6.238100108870748,25.27623464922482,7.781241841821743,45.408068728919474,1,0.9
467,37.77397346962036,-0.0011179863553427,72.25134650570627,1.3338259759772315,2.022884587950704,-1.716141986165611,-9.885220545917548,-81.18128035684907,144.61534749698177,13.26520250084511,29.31546196992524,7.977377754807686,93.62519068348826,1,1.3
504,37.77609792597683,0.0007035242021753,355.5063593868681,2.938337342797838,1.620733246018606,-1.5500231377525118,-13.425013403413573,-23.31939788048058,31.43297322955715,28.016090975649423,15.229996609405768,16.515596778232926,90.0317967093043,1,1.2
509,37.773372024900006,-0.0017566015917727,312.1492266688973,1.7853933152071315,2.8611688127793826,-1.6888439954714212,-68.40929824865965,90.15142155013932,49.41231374523369,2.2728755247943964,28.307520811804064,9.391373537945425,38.77977207096346,1,0.9
524,37.774743421498805,0.0003363140741876,325.6202781936875,-1.200051176677733,-2.623967191788205,1.1415561704798467,51.32592447287118,-116.62290722310514,-15.940732661676208,14.22932555273684,25.742346156373053,13.252569896995936,64.38862863553766,1,1.2
527,37.77564571323568,0.0009538292923335,457.41793471809234,1.4765607731653605,0.5397638788565313,-2.0649660911752896,118.42341635038662,-31.66788817783436,1.7809174787495294,6.217929653873468,20.55924796934763,4.948480820197528,55.86845932293048,1,0.8
531,37.77561522769973,-0.00115702577305,183.42570696077257,-2.865930397402253,2.438490795842636,1.556370550781799,-146.80134875561237,153.95692771166216,171.71183547288518,22.437127415495485,11.421245802731235,6.500561966133216,36.89903284458211,1,1.5
533,37.77393970455174,0.0013585648107426,245.92522825760605,-0.0531687858250387,0.3683422389262363,-1.487658428735719,-14.934525887662003,-35.774546434497694,-119.794993633831,10.31547346751343,9.492728028399007,11.661722083676333,89.97275782604095,1,1.0
536,37.774201475048166,-0.0011156967675382,312.5238045474866,-2.62367045459167,0.3717248550592118,2.3559960949375025,92.69574194962912,30.329024707422803,-32.35043258315383,39.21485277560195,19.884968670668325,6.656047102759571,31.68043042230444,1,1.3
542,37.77639648398089,0.0005229280605339,487.0838571379664,2.446352058776056,-2.2022863754041984,0.6859772463643834,-29.170457862199697,107.3013989504891,-130.41026041669275,9.179852865800088,26.964442701843154,9.96350011782659,57.9143111211623,1,1.0
549,37.77304455896706,-0.0017958283498432,432.6344314573063,0.0898944221748347,1.0837435704164182,-1.3019171815143158,165.94512662237133,-50.66121168861767,-20.49973670162544,42.5004020743279,28.452644808081995,6.334128328974984,62.55465216871578,1,1.2
550,37.77488359434913,6.738546863576652e-05,245.3319868171912,-1.0690349509855206,-0.9621280615679116,-0.333698339474882,-168.5850926790376,158.9182590917115,-150.75015059896097,6.685181948159195,27.73939467580177,19.63093666568295,24.84869116175643,1,1.2
588,37.77569376757022,0.0011389265832226,143.48717285548565,-1.7396824789241687,1.210049501908598,1.641840932397206,49.29102193770359,-70.04233090362158,-84.4576108714827,6.610900195972091,5.993055362273535,15.699937924682112,52.92363107446568,1,0.9
591,37.77548043801911,-0.0016873985672146,386.7434605051209,1.0858675752705818,1.9781142693382063,1.6765401848854369,-26.97312068531292,0.6806781918498928,-109.32307771419944,27.50450157810648,26.68938775295429,4.386445445263334,20.38464497496487,1,1.6
656,37.77370308499687,0.001401129757719,131.678582729673,1.9160768923306253,-1.2771343753912114,-0.0768493482693406,-42.38186578560871,88.48214827062776,140.63430389106122,40.93621038004441,18.914672218266045,8.61689188244139,60.7817854983784,1,1.4
669,37.77409992470757,-0.0011744928221056,255.1621716599512,2.580161027328974,0.054027729372359,0.9324427392875192,156.91639076755197,-12.213057047409194,36.39680947772456,33.93926466551433,29.11967512925031,16.183713745082393,88.6499326963698,1,1.6
675,37.77648681903026,0.0011118784692456,479.7943502745587,0.182778000244892,2.070674478426966,2.788702546472459,-122.85283356814011,47.6673439473154,49.88765524165015,41.07042293406069,14.61415581213109,12.440003066259017,82.54971757992323,1,1.5
678,37.77329440292564,-0.0016480973650055,414.2629443269455,0.1222332986458072,-0.7306625669637188,-1.8401160165287125,-81.71599748649537,-173.89619226333767,-57.01903752889895,31.08374556038288,18.255473712807145,5.494749742674654,80.44728155382494,1,1.3
695,37.77483187091959,-0.000436618311368,473.0792284854755,-2.40370332629484,-0.3862811233803036,-2.0409390719986176,45.795207039690496,110.2766664558705,-142.6093463876594,40.38052418995762,5.50388880900096,7.629841437900129,65.80936428622931,1,1.5
716,37.7761790107962,0.0011514879111252,324.730923841472,-0.7430093374135338,-0.3051687771332094,0.3221705164039763,-0.7291481887277769,73.79707815049511,-163.8845692620781,3.791921128321436,25.27250101729448,13.21704957608948,28.85316636113472,1,0.9
719,37.77561033471258,-0.0014090547702604,399.2683388475303,-1.4575090688917909,-0.2846720283085928,0.913427666200398,82.72977836957642,112.42830605366504,-51.72253434884951,0.7041781313037996,28.42910023696614,19.606615634711385,91.67764561552414,1,1.0
722,37.77363718257137,0.0014711588717416,137.8285767680028,-0.4311033480458874,-1.7212631993666496,2.113408898538763,36.31496115429405,124.67069377768053,-150.53772479595625,57.57184302877199,19.949620976529783,4.140931785587587,28.791297175855554,1,0.8
739,37.77416249629898,-0.0008777429634048,132.19322843469752,0.99028867429536,0.4609187255475131,2.2991786808163592,96.72051614098945,99.93164161432908,175.64020811414156,33.765415435263584,7.910325254383925,11.821350251619853,83.1230458457369,1,1.1
769,37.77629185235321,0.0008626885546535,148.9960071036188,-1.4967236464132303,0.012387492009406,-1.9851744400651568,-118.14825278571853,136.51114868629884,-31.686765786529264,20.66425329477505,12.437265959013398,5.832612437036495,93.54227596496384,1,1.1
791,37.773055650099934,-0.0013874243150934,399.3761158937267,2.315296425430466,-0.1327020322080603,0.5563678754391637,76.00569175689986,-101.44373003303753,137.25371745656366,45.60379220474947,9.643461846886945,15.367930552941695,74.89138537627463,1,1.0
809,37.77523062463403,0.0001335394961096,61.53451244799017,-1.2136809116488985,2.800185700765928,-1.6782829935196044,-71.91635422393954,-82.27314154852716,-47.99503580572667,33.07893731037724,17.180278957489392,16.42150728254186,57.10706158572282,1,1.5
812,37.775634104669,0.0009123623979239,285.916067556726,-2.562240816522271,2.960500230642773,-1.3388344107206114,22.05070650394632,-178.9171341981403,-114.60999964392924,5.1972274913404,5.015561764129298,4.991438804052333,46.87855720425649,1,1.1
814,37.77546553979778,-0.0013426298055857,104.7303008060424,-1.205518730067532,0.2179789517166366,1.0568980705341886,55.39583451496813,32.59904437232046,-71.92779924685213,19.787739031500006,5.4947539408364205,16.230630810622834,72.01099294415076,1,1.0
844,37.77385971808622,0.0011262321605022,202.788013608812,2.912068312123864,-0.3189524732082187,-2.998830825976097,-94.27715951428112,-163.63253236420715,-43.10567063581141,35.29526030265725,19.91203527991616,10.449314970968588,77.45756311865698,1,1.2
855,37.77411243275554,-0.0013795544100493,313.34914822592987,0.9084021522055004,-2.5833130436735945,2.86457021449482,63.4740492348773,146.38067798925613,142.25476511246865,45.13680783885052,5.601623815211971,18.958324649428487,34.657056197261696,1,0.9
893,37.77673419661009,0.0004734588493268,52.57441919388408,2.5980892387825234,1.2584231551531273,0.806972345793338,-126.30643071166276,-89.2731914677974,62.99866967244407,48.03748065366399,14.492086752480164,18.81493557371688,22.05862075317264,1,1.4
896,37.77324986571376,-0.0018848413008653,450.5518113394142,-2.371450442769012,-2.8997334375736425,0.760139413352146,99.68387611664993,116.14958892794785,-81.99731682865736,16.96147816507072,15.933049139549867,17.271274598424387,58.75189149329629,1,0.9
897,37.774615251245066,0.000185125158786,436.5708483679952,2.0178592500940304,-0.0224401317489677,2.9473706765317464,18.56790084904398,-49.651678475989286,-135.833566307992,13.069387745547145,17.688731054737097,15.296723732546695,50.5030965900179,1,1.6
910,37.77597106976992,0.0011895479816009,239.13061702441485,2.1688488740561658,-2.7701566680512943,-0.458535686509677,-14.474327730070428,47.15455147468751,-78.46519454548901,2.198994640918837,22.506546268728908,6.91046281315584,68.42914359116638,1,1.4
922,37.77558930614818,-0.0017311488817564,59.12598819533898,2.265590238968514,0.8457863759839914,-1.9728856595776936,-87.22626044060006,-91.80208313972189,89.40137372136678,6.805055947522675,19.586317238329027,12.699943823313278,75.45789197091567,1,1.0
938,37.77398800809341,0.00153819550309,436.43806663590135,1.8618188240008244,2.823725074121074,-1.431918520893984,-59.49188429074064,-177.83724227822023,-158.15946946385384,13.773285110994276,19.901622541451328,7.905671610010277,56.978247421956425,1,0.8
961,37.773789747342114,-0.0014192409637817,256.066060937404,-1.934281083268787,-1.283327860632822,1.7174989694923664,-93.63360530803448,159.57939627706975,-177.73021932509496,16.99116317892897,17.557895189953364,16.977156724252897,33.600561372830526,1,1.5
989,37.77650883565712,0.000801478086116,338.6706660789295,-0.1640116238109317,2.68252994851617,-2.911924589593588,43.64351657128432,110.703144053575,15.729864287889598,42.46181617088787,12.92174811600577,14.643021045631157,70.29529849160818,1,1.4
992,37.77337010676177,-0.0016496492999349,210.6426614630508,-0.7202632491155487,-2.0606959504328657,-2.621648846542538,-140.43242169297156,-50.7661423110772,67.91001665619848,9.629483412546572,10.245473173214023,12.349134109062982,48.84143159027075,1,1.4
1000,37.77487841397339,-0.0001547423131805,469.069982330602,1.7521152476408108,1.1110361418092838,2.4684436988291534,-22.56122390721302,44.18108882111181,-103.0232239669821,40.74317989539753,29.859422492944635,10.052765419809962,93.61971950852296,1,1.4
1008,37.77560747509283,0.0012044566031935,304.9099726908354,0.0320119258628603,1.90942816915158,-2.1822655346287805,142.2691198261789,-29.29962913576199,-69.44870483116264,8.391159166010771,13.846345024545537,16.091215144700957,75.0949825389637,1,0.9
1025,37.775641322741215,-0.0009407118869166,465.9423597533431,-2.787182487950001,2.917499138831306,-1.4949608416697129,169.04710385330128,-86.94172960734988,124.82267101479316,23.9449617504122,22.191453477574186,17.282066913471,26.67002687819684,1,1.1
1065,37.77396547662244,0.0012079933885106,221.72946987947176,-1.5393261958275315,-1.167374986230857,-2.8325411736270967,-131.3827204579908,-83.04988782744164,44.470691835967045,12.61983950772296,17.342299152576633,17.996485171100126,87.08120114381587,1,0.9
1068,37.77416881881245,-0.0013595498988897,226.4132906616161,2.0216361497463007,-2.564907021974625,-2.3598816946405208,96.30174194916276,34.81878685733602,43.76538211363976,5.378433874370945,25.15072254165417,4.084630110404599,23.48632712090076,1,1.5
1075,37.77630780724236,0.000946337391499,68.00590874080595,1.1407880876213523,-1.7997082010782062,0.1524724257240377,42.38219978891851,-127.89392462613718,-78.19198287761012,31.44779422619988,5.5612988345348295,8.225689219860989,66.84280051146015,1,1.3
1089,37.77338203765097,-0.0014873925534266,405.2000670532486,-0.1679551072960237,0.981893937024231,-2.967844172246424,173.73956652452023,109.1470169289716,162.28106093336743,32.47435292029056,5.305790587685603,15.235085887974789,73.85782746903979,1,1.1
1097,37.775177805202055,0.0001870712397581,306.28034120498955,1.952486625442864,-2.961303342211795,-2.551962418811625,-151.25255184115971,-154.6354602626842,-62.03775730560973,27.371933559431287,8.438381764604237,19.726003538894783,92.23964019163829,1,0.9
1098,37.77560039118217,0.0010819593761116,444.4723752667693,2.303410889760652,-2.096073068036197,-2.6548200073675194,95.82756604322532,82.94828584960726,-1.3557611084382015,3.633558820866591,17.15800173142535,19.61978473817347,46.10831844238416,1,1.0
1121,37.77540936194142,-0.0015677278630456,359.67849652501855,2.668254304952473,-2.0139563926303934,1.283238271645085,16.366644345103936,-51.81360343164181,-42.341397012736905,33.37623985978179,18.369960831827807,19.805637102363725,92.36314156561184,1,1.1
1124,37.77390874712167,0.0014615016581658,473.8884944646156,-1.845533772677164,-2.521771563327245,-1.568576856325841,47.405052321441616,5.222836108225891,108.1670836370008,13.277262231646231,26.926360585508004,19.288599766503147,99.63791600609768,1,1.4
1174,37.77417603112806,-0.0010748304845521,119.05557444867291,-2.7253419634276463,-0.8372436773594902,1.7644922608603686,-176.58599217538494,-24.463024578582942,-120.03289795391468,35.200528508893015,18.475455550344684,13.350665027893422,38.0904810191863,1,1.3
1212,37.77671685763057,0.000685608124768,248.0648929420716,1.9357495660713608,0.8851139237942744,-2.646584908728132,-25.926459911348783,-164.14739646660985,49.74080422450834,34.90234658756524,11.041746862644889,9.510457111391952,57.1553431722359,1,1.5
1238,37.77379705447039,-0.0017668452791132,478.6030684158734,2.977452591702124,-2.445861250564428,-0.8686018076007596,-162.95875602870302,153.96998391066063,123.53612474143227,38.37599505963436,6.453777931769576,16.174227065926267,97.6463840887302,1,1.2
1240,37.77468246775777,0.0001423761664832,219.5760024572745,-2.475299060983478,-1.3547543696385314,-1.6556855278058995,-118.5942408457708,78.3010935950021,121.04887067999285,21.944967434987053,13.374771586642671,11.230083355798149,77.86406150444363,1,0.9
1251,37.775822740999175,0.0008941129841259,469.706856062226,1.0919846836844016,2.837146376908449,-2.075982758806201,-90.88359634182837,18.170962102137764,-130.01329495792731,21.544326099039367,16.708636210119423,15.566543130737667,69.1113220063436,1,1.4
1257,37.775684520318734,-0.0014161656545189,112.44914785068384,1.739087450912085,0.911598356854503,-0.145799872467045,121.74216199484812,118.42369541714775,155.39367995212604,24.50902952412213,10.95175189215938,14.944284140611142,90.59704500383462,1,1.4
1268,37.77383428673036,0.0015868015597079,139.87783360508223,0.8806497664915955,2.472408359329909,2.370265726784903,86.80344931263471,32.33774474099872,38.00343814352854,16.27871148843763,24.29964532051721,19.65238371765911,70.57153539016716,1,1.2
1270,37.77375478340672,-0.0013304066658762,204.03827817238383,0.7355453876551401,-0.6299299799178182,0.471578818077278,125.54120537863014,-140.28376463119025,4.575982131414634,29.3675245443777,17.458299183553844,15.95844432072836,72.85963165089768,1,1.4
1291,37.77660945429827,0.0005810346318373,368.8152139115758,-0.7885398369711742,2.6871766298097643,-1.378624960754557,39.73581444781931,-100.23785373436456,55.24901906718554,4.379848563735508,6.749304305406646,3.3796572870648567,77.31197685782638,1,1.2
1295,37.77308372912994,-0.0016579581412633,259.19191856945463,-2.782891214802449,2.936187855311177,2.90688889882988,-10.913812787664284,63.64580760830023,-44.27345170209114,26.192353740202115,5.134503295242694,19.30839093090138,74.8487291602737,1,1.2
1299,37.77490594466876,3.941150111710339e-05,320.9458235573074,-0.421795157741041,-1.6071662858080034,0.5313245323244642,50.44575097939676,-55.95378850711586,168.81873424703798,80.4291457276563,22.83797947627749,13.21650272043016,65.81090214170266,1,1.1
1334,37.77576361108756,0.0009366693757799,51.9682920273542,1.5329944121807229,1.0886752567189255,0.3853893771454295,163.77378351421157,-82.44784297486619,92.80977365747697,9.204378283325624,12.684596485900393,4.6171303172610845,31.02154690525044,1,0.8
1364,37.77535051752779,-0.001352037699664,389.9725956563967,0.5992078389302828,1.5082455921480644,1.5397790543051864,110.66383054770102,-29.72576980797833,-115.52128369595134,7.967943755387055,21.43953584886557,4.43901417942717,96.1612036200868,1,0.9
1372,37.77394825118146,0.0015605032353281,233.0955781811019,-2.8944605027248524,-1.6970787009888757,-2.354469332400754,162.4621666627113,-71.28626001851262,-124.38197987982656,21.493845550781334,24.171457880509948,16.155265024240414,61.19958415614426,1,0.8
1379,37.774216791765234,-0.00089129907155,393.6343619962103,-0.2445756518154542,0.7824391113662692,-0.9655794832863216,-27.81043057057857,-3.3986250668299647,86.44597568198179,23.461768674172863,21.424814852952423,5.827057205130113,84.29039833805994,1,1.3
1391,37.77628673744626,0.0003691801179435,277.6924981206786,-0.0225889567802934,2.602485811498392,0.5848988023846591,179.06409947505932,76.3479043457333,-19.280633049786587,14.550925814664868,25.28968569301865,5.938777540454396,49.29242927100634,1,1.1
1413,37.77340020485104,-0.0015894367711117,136.76085619990664,-1.2547216065346838,2.521715667818506,-0.5490734809113937,-119.62056496669676,179.58159405170454,3.0415270963671617,15.069246061158257,11.01424383681292,13.5837999771151,31.8985409410574,1,1.2
1419,37.77552960875407,0.0001171984117227,273.12801399681086,1.1735110458212643,0.2672871222748636,1.8901109872215045,-176.63305017773473,31.600437054661768,-96.297687933576,28.33220549503605,29.49194166350724,12.92870931481103,34.488829714756974,1,1.5
1440,37.77594020916875,0.001267744255549,188.2174775854785,1.5206982614526332,0.8137683350141707,-0.9675072261633472,12.613424276356028,14.10645150042302,-47.529916072538725,1.829583816679014,29.308309678214226,18.941620960382004,49.27178463828672,1,1.0
1442,37.77567325914978,-0.0011482852547411,441.2030485583098,1.0431923635181288,1.4799085970255703,0.626991555198968,-37.299473292351735,-8.744365300753373,82.48857542692781,13.93779605754466,13.037148859063135,12.331833260823965,68.985916422827,1,1.1
1465,37.77398389753694,0.0014073826973047,300.9390770044214,-2.7640830739891604,-2.4759120691114247,-2.385367861403516,80.07890516948731,14.50321357493641,-175.56167320608944,27.17077426233555,25.281067455384093,11.813506208923638,89.59661800514684,1,1.4
1471,37.77398465515654,-0.0013135889659572,392.4997648183661,2.921261081650324,1.4451757797706408,-0.2566175656058096,179.5221195664609,-10.027853502437068,-149.71255633043097,31.035333350680823,10.1043998141153,19.28020165529672,77.54769269489317,1,1.0
1472,37.77647014494696,0.000572211756,267.1422833600027,-1.1865036305208152,-2.339428168428681,1.2096125608207036,-83.89370156356061,-142.09466164639008,-48.52124850334758,22.99407222902849,29.781594642535914,10.98540216797614,27.36280144328205,1,0.9
1522,37.77297193870341,-0.0011799520859932,368.6663005693507,1.8824897734052848,1.904697086857804,-1.081473300523641,8.602643661387788,-156.9734020641774,138.23074753626577,33.064017805050675,14.060476608160112,4.876840361511299,83.27689876456245,1,1.0
1532,37.77454656977438,0.0001561702828157,478.9298922184127,-2.4515007053128937,1.050974574586001,-2.201410387023534,-115.6415803387307,30.156443001120834,-54.357845631957446,18.42593323555285,26.65603245597133,8.220503820802518,95.42511027102113,1,0.9
1548,37.77593182478565,0.0010303636547876,168.53162538013004,2.450677234142409,0.7046182793404148,1.8509427251468065,-125.1960111250384,25.828730297469548,111.78928237128736,16.170119534287288,13.100290397071058,15.06733124683683,47.04134617972415,1,1.5
1551,37.77536224927165,-0.001350741244131,95.10271548929792,2.9791324315480345,-0.1534608342672081,0.0058809805974169,163.537839393281,151.46700814039195,151.52584174739144,2.553224779221549,21.410536772887667,10.54276570261706,24.38637364910899,1,1.4
1552,37.77396962144109,0.001316318986746,389.4691799862093,-1.207078591131495,2.179837001867688,1.202910060298879,-72.1477047120224,83.90547846426654,112.3535448528462,8.919823543186478,25.11807952107172,1.981226023815521,78.40628943881643,1,1.3
1561,37.77406618355176,-0.0013040047081384,355.92654189097414,-2.7110952649607944,0.4384239511015884,1.578880260984815,10.829568283408122,-33.92719872374431,-173.7446530819475,20.31352655964844,26.085900376779307,16.38331900753625,43.67728256036137,1,1.5
1569,37.77633821905626,0.0006930729638464,236.39024943708955,-2.022503371408256,0.7831019112839881,1.1668573764999808,31.624234722958025,163.09095064676495,42.65218593249713,91.49164923288578,7.299077066042826,6.259954882879781,85.5677543680854,1,1.4
1578,37.77342181250438,-0.0012188167277507,408.6444446415435,-2.683299896905853,2.372853634514363,-1.6762565501384743,113.53603304979856,-69.939005733687,-31.343558519892863,31.57691033247741,28.702455667129463,7.3490088851021635,61.62668308788335,1,0.9
1584,37.77487017629856,-0.0004608049238804,426.4129362496871,1.3353245796969375,2.203703315334672,-0.2434240896448134,-146.4018792765036,-27.57520193996333,-58.268113769912446,22.42741060907848,27.29516036171416,18.798662736581413,54.55721794583566,1,1.5
1595,37.77588928376884,0.0009871914656027,142.9309242184028,-1.6072283873813644,-2.4734311531266844,0.1856623864341884,-172.6761828188715,77.97757122702501,15.686029779345148,29.15034139551921,18.104477761024043,11.822575790967782,40.67518796476958,1,1.2
1601,37.77553546011238,-0.0015456889179492,463.0111430943126,-2.7043187913135305,-2.905556333299692,1.5616066579437715,-17.01294665769572,64.10620136221621,28.04925954678484,1.46259894963158,8.211715131137932,0.1995842011731485,40.1386238732016,1,1.4
1610,37.77400310452361,0.0015940341795373,268.5047910275431,1.3996697752059095,2.207878634638485,1.2295188978106424,-78.19297814500082,-121.98629005618926,-87.23624042976218,90.8304553108555,6.640489459664426,5.972391131109934,93.84845695110184,1,1.5
1612,37.77396708553676,-0.001410882569537,238.2660095594032,-1.3704064585176137,2.475346631271959,-2.9428598663162635,52.20636525210176,72.18431627655247,-39.220100267604806,0.6811184524589096,13.644124580321224,18.55843543706232,59.31816336524011,1,1.1
1625,37.776337908091534,0.000574593670966,245.7410890496204,2.0720107321358547,-1.5764490741918578,2.763308896828563,-62.35344825298519,89.55306571426723,49.134073369695614,48.25636200375442,11.793459244114311,9.63912789639858,41.95497482157376,1,0.9
1643,37.77338063485028,-0.0013049534199442,436.2602248215935,1.527237196172325,-2.046887543042064,2.9325246324804395,-137.6447570398271,-96.02779132260608,85.7167971010818,17.625694673448454,13.923199393868488,4.406471471989722,49.52817117799128,1,1.0
1644,37.775001730435854,-0.0002869177528379,499.3751421668544,-2.1261252238410133,-0.949955760292302,-2.079639464838473,-26.610367297460986,73.71820052783906,105.00622758293918,42.57088460220607,7.157468083186548,13.744165018876318,97.64980913013396,1,1.1
1653,37.775921665088966,0.0016206286968189,201.51755100389008,0.5243015716118826,-0.1365607511464124,-2.9559742486611924,-128.83284227086034,-120.06336036300102,-0.3369906239694842,21.52259282548464,21.56553635225234,13.558508305271928,32.756622053539274,1,1.5
1671,37.77546900067173,-0.0017111116713199,197.98037969404533,0.2681285606038597,0.9095634846827618,-0.2081071530893945,-109.9984691795399,-77.8006936356785,-131.01123442811158,41.42294995189362,19.48564297464726,7.70372580309256,95.26865617182618,1,1.5
1682,37.77372010156524,0.0017674215309056,90.44522604528711,-2.521217720643256,2.1650496185848542,-0.3453648649271401,118.69022337582771,-138.65574520570038,-92.41485234613896,24.34654815416466,28.867049594465325,14.42655054448456,67.50212431588223,1,0.8
1686,37.77416657940267,-0.0010367774619385,205.51139300691383,0.4607382509834181,-0.8207823313400704,-1.643328536194449,-143.04492647574827,-90.90708266120184,-131.86987467042476,3.3683218396630665,26.74732940801479,3.5176978720541863,88.78529362944248,1,1.2
1687,37.7764447122227,0.0004717314880033,116.77342019786497,1.436468732740149,1.6483329918874643,-2.8863050679311435,7.554221352765211,15.66296940951068,-146.57548387539356,31.838773347956085,19.17257955326675,7.8079285517499075,27.672877072432826,1,1.1
1691,37.77312354230201,-0.0024442984476323,218.85850962361167,0.6357010380462662,-0.206879968115103,-0.3283798309106309,-41.01468152116976,-103.97103879939658,-109.4037651372182,1.2111303077886522,20.63476575313577,13.248468299064251,69.03723557092397,1,1.0
1716,37.7746122081448,-5.746870177288786e-05,263.8523601507831,0.8301258293128662,2.817542018727604,1.85123890018184,162.53589331768717,7.694847144868817,-67.92600446069329,4.924815642703495,5.0762816440269125,4.721241211330924,30.892791001917345,1,0.9
1752,37.77547873001758,0.001509194351552,59.971790995034695,0.3860470072389041,-0.0334067950260701,0.9407220657865754,84.0843081543378,-149.26167017285215,-174.91729194510194,70.70094908267943,16.188728825576053,19.296465993787763,47.41766212236151,1,1.1
1760,37.77557961266973,-0.001465432503232,295.5031448754911,2.4497317409239727,0.1383654538383112,2.2242006653905246,-112.6683971979038,119.00404127841324,-148.89166123720742,2.736869436930564,25.159464734275623,2.349391727582868,68.74510991390972,1,1.6
1765,37.773589125682165,0.0018070558882618,371.6851883901841,-2.5586338261337027,2.979324649055286,1.3140995544310456,56.85031326494769,40.639289944534,-3.852798663141357,29.70645507165451,21.75225576110213,12.161212496910007,71.90787140277698,1,1.1
1772,37.77402909093705,-0.0008730901300312,338.70663300429493,2.732825942970986,-0.4867606398278852,-1.146948986972227,-123.52812132640838,89.45744102423663,-178.890696623049,8.598256808826083,10.445279734401897,18.93830379857834,35.45574795147403,1,1.2
1775,37.77653853463818,0.0004593212213707,496.398654056683,2.8154159836026533,-1.4058281606310974,-2.453761984741572,-74.03015239045064,-93.73775125239368,-145.0448274387375,10.50416393790815,22.167290734446816,12.105206910923773,79.2010504162381,1,1.4
1786,37.77319983548857,-0.0016612664258237,496.92685531924974,1.7492460379992014,2.3208591939564105,-0.4280806928863896,-48.59489741068597,-110.53396852853108,1.2869148375425823,2.486902426015297,18.833329472595544,12.444908283467162,37.73591915523604,1,1.1
1820,37.77476733565126,1.5886215785670423e-05,400.2780264589452,1.0335150004452809,-0.5623757901162945,-0.3974235372446326,137.27601554894397,37.79835268933539,-2.490750783120234,29.737268665563217,12.841548959651886,8.617892605147613,24.215820047793947,1,1.6
1840,37.77585505511004,0.0011635940266641,210.55831504472056,-2.7938218246988336,1.347137031473543,0.8625716997169297,150.98751607397975,-9.927815028291064,-63.82613194732873,28.358180542021863,8.299725588877028,16.208637044881126,38.90094954895968,1,1.6
1855,37.77533345826009,-0.0010044196900718,199.3578282038736,-2.904325881280135,-0.1893883277574382,0.525763783448824,116.8540709583421,-90.12562519219564,-163.7188944920319,97.55328585163107,22.396867464761144,19.319928528712683,46.293355216505006,1,1.0
1862,37.773496275106346,0.0019645223178675,435.3346970222526,-1.4746498195049456,-2.107187357229261,0.7882518456249272,-172.79162327920298,155.18598193895804,22.21645906719596,39.99772412245263,8.747995031992643,19.347111146550333,60.8333937711128,1,1.2
1865,37.774133067649466,-0.001172351386942,126.37554788654283,1.4626855808691364,2.534859202685878,0.713964031734061,-145.42652547491522,-21.760795412558167,-167.19374986774568,38.878274817712814,7.627093604808694,11.503024170774989,58.18936730164037,1,1.0
1877,37.77634341728403,0.0007466183608932,201.63415453107345,1.2247341253946082,0.9616366965730276,-2.787895073755835,157.03028266507886,-33.264169134472326,136.42276430956042,42.06593787215527,16.728424379697948,13.145972066085791,68.02657884731927,1,1.0
1893,37.773219119811294,-0.0017539216669395,466.9507018138271,2.716595382919998,0.517661090517711,1.9662671448804447,140.97070618097194,16.12798540411444,151.058943703358,31.9413109323398,24.6936273517074,0.766801693302881,30.3579136340628,1,0.8
1901,37.77498945292427,-0.0001341054610475,160.10878465547268,2.745938846332185,1.5002045876814236,1.8574807227411592,-144.3323025559342,-175.68119553743676,-110.90005636931129,50.854895047785725,27.340222146280823,19.692528256713736,72.40088585326114,1,1.3
1902,37.77561133171173,0.0012189867048419,429.01231333965535,1.9355023929685933,-0.3482078681317055,1.5635110240652184,164.6872224953994,168.89063765806094,-127.6917722347832,25.744157554980145,27.267290805510388,13.175560378667262,76.2548309364616,1,1.2
1935,37.77561136932426,-0.0011606461274162,72.181399560712,0.8618482372723575,0.6582109929092637,0.3734119302868719,-21.534921233871444,42.96680902526384,-106.1601621291465,39.22575757311719,26.55576000878309,2.5488050701622367,99.50223138245374,1,0.8
1940,37.77396063381754,0.0016640415507124,479.3071118536342,-1.787494110135367,1.0897649901586606,1.1911701424904375,130.5832725330281,-121.71081790563775,70.99038519740103,47.1906993566717,17.311054558995522,15.046151204628304,58.642656181782336,1,1.0
1946,37.77392649379195,-0.0013263685689824,138.29704302663288,0.9709295879346422,0.7825587882819427,-0.5634597468965596,-12.219113405218453,46.46087339677615,96.07171112967382,46.363673761841454,14.870509459641497,8.953992459462341,93.0896665587572,1,1.5
1997,37.77656520254392,0.0008527237200532,144.80617879740328,-1.251115964525409,-0.7531326104724747,2.558756624017642,75.77759393015006,-21.72674983566029,151.29477325031905,8.828864577295745,28.43573080472322,14.426872814465757,22.240168734150103,1,1.0
2017,37.7733288960999,-0.0017114612630688,444.5814983693504,-0.0989575525340082,2.655541285661469,-2.361397687801791,109.0084838284501,96.69461311128453,73.87320672068205,49.19656008710198,6.984687439400035,15.014426806541689,39.94474982022429,1,0.9
2044,37.77473023723353,0.0002907423762768,406.8471431266301,1.0419745193606058,-0.7293714717093023,1.2794349121211992,-14.333378662648812,50.90018976405912,27.967083126201032,41.83413626375682,26.72034802096,6.467524148387136,81.41923570331944,1,1.2
2065,37.77569959418155,0.0012622571711632,73.27439714959405,-2.3817772141493974,0.1637203442021055,-1.3155482823440512,71.54117910785064,112.98228337301498,153.1043405316318,40.55283898206047,10.69400768851881,6.802945331834797,24.918056995786262,1,1.6
2067,37.77575372785715,-0.0014148723110814,83.44889255911107,0.4116252814196066,-1.537729822312885,-2.6615137640394524,-31.7432330877802,39.29318574633098,138.29223115055436,36.93652683058738,20.08252969068271,18.379902822243583,21.0853183138411,1,1.0
2131,37.77399370741175,0.001666931160917,108.23135026935556,-0.7723984553095748,1.6519738857205546,2.302350911720469,-101.87982711520522,135.0568613130364,-149.3455532936752,65.39319603293656,10.326451348006614,19.855655978627645,46.56393330303786,1,1.3
2140,37.77403102821621,-0.0008406667877591,84.94156190898083,0.6905097989261004,0.4344862678379835,2.293746233708028,-101.47390571722111,-171.75581547895226,-94.09903678404812,30.727870832206147,13.405225305409877,18.56108403191545,28.28457851905949,1,1.4
2141,37.7763996127909,0.0008378364405347,226.26264897987767,1.1819539895906308,-0.0799882979469592,2.833990070773748,5.0118671105011,-147.64939159769636,64.75070690300663,12.162549277769454,19.96716594170304,7.790600378066525,92.85791831853612,1,1.0
2145,37.77328438499761,-0.0016328240853506,296.2568425456776,0.534568054899486,-0.0666397012725612,-1.1670674675979018,-30.092692418212096,109.3139637453196,175.29255378474852,24.16826134697182,6.222554435960935,17.027021414112227,88.57740502654836,1,1.4
2147,37.774943687334186,2.207482605443226e-05,204.7201210664386,2.389635986955321,-1.788587079600365,1.88243136377302,162.93444190076218,-173.7079961829823,-151.30741786696294,14.441708230923084,10.472817241996283,6.341503819919094,24.26347987299076,1,1.1
2185,37.77611230724272,0.0009515654343554,108.70406922981238,-0.488901680083897,-2.244199342171882,1.2306735680120635,139.96592755058748,136.78417509536183,-31.65806820181604,1.9209758774342112,22.942683150958565,16.198834159780837,41.018178100386216,1,1.3
2238,37.77533770789392,-0.0015942778086698,318.11338957548634,1.694298559341302,-2.711928806344844,2.444018589881617,114.422863976808,150.91014922183302,93.098106460081,12.68468372240187,9.431069433114438,19.39049736513824,45.75264132860461,1,1.3
2242,37.773989777926346,0.001742609037964,420.5538741916943,1.50692222187347,1.5760068983258524,-0.922914447541788,49.86896144551804,-3.404741952717899,49.88600298146247,30.53855473206995,21.61076240562882,8.523463126813326,76.54686307716369,1,1.2
2252,37.774140267312966,-0.000995750925204,103.66257545665997,-0.4545765282283596,-2.2529071869982777,-2.8448376987684174,-7.435522309197609,10.092441445673074,-147.81212973679746,49.00915674015576,29.83751643386994,14.395094386007932,35.29977992813022,1,0.9
2276,37.776294034662,0.0006798825438347,261.41093406395584,2.299055823685939,-2.235743804832894,1.3459644048841275,73.72931444426737,46.97732563286471,94.62358165546408,44.49327045900849,20.518703024619047,6.904815470970148,75.16911320920461,1,1.5
2285,37.77318599585817,-0.0016894108958507,205.02583481410767,-2.627579179748933,-0.0671645535903486,2.7232865765891265,150.09980118102334,29.33493899874125,94.680089443454,68.32288445528997,22.8516685789772,4.419180875175548,67.6897156439887,1,1.1
2290,37.774810189443706,0.0002219029413568,481.4107942602899,1.774995953702649,-2.788186472915582,2.459105849184512,173.4705179545091,-45.25968338753253,-24.79945615090733,47.91026928502843,23.872859358912176,18.08894353465236,66.55408674046375,1,0.9
2322,37.775678155579484,0.0009499087412648,117.56913988274384,-2.916039538977224,2.270669477706477,1.778131360759092,-103.668818263946,-82.2810418211182,4.704894978863308,2.321589366604303,25.261571411917654,15.1194881570652,94.43565883454724,1,0.8
2326,37.77545470317052,-0.0012713088765153,347.86297857106683,-1.4598087212126083,0.9370537857985016,2.5276482986933573,-57.24153980796871,55.93793359334177,25.08196805243213,19.34445254571374,24.264737704067496,13.243907143758433,89.5904821787773,1,1.3
2329,37.77389121668817,0.0012920692532185,120.16332934827216,-0.3613889766711384,-2.1526228524165463,-0.9824167220249108,-150.66627773530743,107.65102143040468,-4.350236096152003,30.29124454031407,5.438936995723879,17.940741254469618,82.75900906805376,1,1.3
2330,37.77393606938436,-0.0010819851651025,405.4767213951673,1.1839546219074943,-0.3593045545393583,-1.8690973489942937,-129.07873953156349,171.4938163735734,143.22841352722247,13.2052064724886,24.941497220295687,11.389924553409491,37.69224411817692,1,0.8
2333,37.77649715621492,0.0005755006580942,345.2673715264244,1.6862587264618083,-2.3598595767043715,-1.3186790783357776,2.753794224734122,-49.0669450264526,-107.7691887300767,14.288299340313738,23.19780895402745,18.241644349692343,74.06950371590295,1,1.2
2361,37.77305464057338,-0.0020361431991545,287.28460990795725,2.794133499362216,2.2532872347925847,2.0582109878309414,3.099221149199792,-78.56428734098611,87.16008910099765,4.666696784451339,20.4194266998243,18.536167593519384,22.93147685275172,1,1.0
2366,37.774798248292754,-0.0001634789425569,270.3024078024226,0.0059810196731735,2.810464732146908,-1.5786498404320168,-15.415960995611954,47.60646613419456,-20.414329596027443,24.315716547797056,14.542696604254695,8.604956534627469,98.2650500994803,1,1.3
2368,37.7760013253702,0.0012085503325223,142.53326398952655,1.6314374604005355,-1.854379293895407,-2.6747951469478,-8.25097296905318,30.162822649377404,-0.6322996918106014,14.894432673325184,27.03761684850835,14.33998598037124,68.00230399658253,1,0.9
2373,37.77552732986942,-0.0011701192669928,357.2347278321685,1.5217312835061545,-2.965480426060192,-0.4158243789283986,66.15387891272036,19.624658280475444,-35.3195160340353,41.99046321833357,16.04286430300187,10.465306838340556,49.57191039897048,1,1.4
2392,37.773667066789656,0.0014747610865797,490.657175743993,-0.1704776012450843,0.1591591990510523,-0.9821893592755924,101.6454399222614,-130.245247309821,-38.11031852122412,47.56632573960991,20.61601467386925,10.75242215264444,86.44333438978747,1,1.1
2393,37.773975330984335,-0.0011420397112312,344.7174806474612,-1.537056884397571,1.7471385933797992,0.4355454843867479,171.28959127540014,-12.576803791327706,63.52675484547143,30.44316202436337,19.84751341788268,12.60823106597031,52.32260500922457,1,1.5
2397,37.77630662937833,0.000756103442797,114.2531825628041,-2.5405881490793023,2.7037468156219,1.7006128149994255,169.10220375359643,-32.18952372343517,150.5809893583982,36.21382387213448,13.27924600813088,7.839614487654137,77.46627705325751,1,0.9
2413,37.77358347813389,-0.0015885194263449,493.68737477765467,2.541256541617356,0.1904563896878484,-1.2164487185778732,49.361921572427406,-91.98436659845828,149.28259524260417,61.517900829329086,19.93560081102471,7.984899852148195,89.97954439784155,1,1.1
2421,37.774908893426016,-2.4745986053343186e-05,131.67393272187851,-0.3669131417318163,-1.1869724201682728,0.8685642913625271,163.4643184255733,32.27404604400553,-134.17191499233078,8.559594463522684,27.64579605988376,19.51147752474345,21.52238052755175,1,0.9
2423,37.77566379617791,0.0012948391852085,424.7820687161492,0.2084382924810661,0.6183256075948904,1.2556172650332025,-70.25571249596189,-132.27568600944306,-163.32590190720578,39.52424698133429,7.661138668669699,19.650673980979644,61.439346826391095,1,1.5
2436,37.77555836202816,-0.0013142756609562,417.5872162434601,-2.4067730696780942,2.1125701082822728,0.9091781121900446,-87.21609189870715,138.4113448859593,-93.19922341151982,7.492268416386119,19.622975741121063,9.032139429040436,78.22684281499545,1,1.5
2440,37.773708349173255,0.0015013845555607,260.86091196881256,-0.652630672299102,2.627931166332337,0.0762877447097816,124.96364141929836,-56.398549674621705,-25.904724734024622,8.804131211666435,13.224043618676482,19.92221974636233,25.294412396006763,1,1.0
2447,37.77411682249909,-0.0011322283577257,183.1716354521936,-0.211657462499776,2.784124337743369,0.9454913208199728,-8.587076787057583,-124.691370158,102.90984986161097,2.790823403436246,20.60772761480245,18.194004448329043,71.18742908011706,1,1.3
2451,37.77662795730642,0.0010128736971695,298.0987473615355,2.913116141417192,-0.9665507802976628,1.0582610139294737,-98.58715803763153,110.75897365006392,130.84057086205166,28.2871990544304,26.29813394159778,7.254132292107791,36.18504689015292,1,1.5
2452,37.77316977464124,-0.0012167028122163,322.4301673790049,-0.797305395956788,0.888663526745832,-0.8031021767365756,-77.15693222687277,-73.7221695505795,-133.2011931738482,31.92968994875112,11.385852382870024,18.93551605509389,78.13331181642984,1,1.2
2467,37.77486961650521,0.0001985015240795,382.4723468080308,2.2069949804069804,1.007895826976367,1.760517163131798,-169.86498349678033,62.84148151995083,112.06944384820116,12.888286637072223,6.934090170854388,17.8533148693302,22.410778391337,1,1.2
2471,37.77559057740332,0.001636113616213,151.82131314129583,2.1030396262691715,1.7778113785396874,0.1730602453125564,-153.79973908415838,-168.9195055004341,136.671843112732,11.624120880776635,19.42161308760533,9.350861643428924,77.68999640008471,1,1.0
2476,37.77544828775325,-0.0015563578066067,110.4072885921846,-2.673678203990566,1.4854687168558502,-1.4160384927569438,-52.79637730946567,40.48930132423536,35.252834484164964,9.745286432522663,8.627492512624602,6.87155260044012,92.3802007881026,1,0.9
2482,37.773752821483214,0.0009957799741336,428.03472185947584,2.606254077842525,-1.048033039415151,2.560820198638712,-5.140874327846973,98.85626869996209,5.879367268988801,3.0065357700551902,21.271693008036177,9.944508053937838,90.64628985676605,1,1.5
2490,37.77405430085079,-0.0013104911935082,480.4470089281429,1.1653912729388232,1.6909756508598726,-2.350677458595568,93.51265614050357,-56.6829847767276,15.746547131971084,33.09171616784473,18.216645080798585,19.18259089571081,69.47069775897293,1,1.5
2497,37.776792874904885,0.0007604604175837,406.7800402267049,1.0184748445538352,-0.1218794722770839,-2.707451407258805,77.05352510212668,-25.613420609938714,178.3917981250358,41.13567894106085,19.47793661221004,16.726248224458963,88.04762998609264,1,1.3
2500,37.77320402870533,-0.0014903723158584,493.8601079775835,0.2466174987249063,1.714969943341588,2.3628421523249656,105.44137596159568,45.96711640060119,-174.51132631907214,43.95850864613301,12.80511858147822,11.553912420347803,33.88578455465222,1,1.1
2567,37.77492511852766,-0.0002044398089869,147.42075526975282,-1.073881136694602,0.3794104132510787,-1.1049614172155722,-60.2313547207641,-151.98688578507716,96.26167638257787,24.03886696493572,27.02424721812687,11.589845093612874,70.76165566188777,1,1.1
2568,37.77606537551343,0.0008373784865181,168.60782791337044,-1.408055579611997,1.014572669131543,1.1531177302807023,-76.72251679439374,-32.553622091245984,-139.9083035886392,23.350478177105018,13.186240807975084,6.578214484188598,96.8231405892289,1,1.4
2588,37.77547170914436,-0.0010969397132132,253.02380165941813,-0.650388714470667,2.855283262553312,-2.438921601409405,9.73049892749404,119.33940639536354,-111.1055237128598,35.21594202785802,9.540944982386414,13.784032638806936,27.056501020348243,1,1.5
2607,37.774090899388845,0.0010892392321094,189.39761812582208,-0.0950145156479891,-2.584290591334645,0.4173459880675301,149.2030486213211,-18.111766685410856,57.2935087544262,26.31319917359367,23.63351104291919,3.5226460182395947,93.16093784951616,1,1.5
2610,37.77424988936519,-0.001163891728083,461.59929834068726,0.3338085432298188,-1.0362381385746768,1.2768645426945842,-118.99376631561346,-43.08646635084838,-13.004165962684937,17.89179167920911,15.550405134114316,19.937253441334214,96.14105380246892,1,1.4
2654,37.77634761252882,0.0003198382200454,92.42419005452122,1.2673636888230142,1.6847270758787545,1.9549015005261872,17.256488363704023,-140.83965711625905,-130.95196126397116,5.439271700823713,23.84659645016999,14.40629716736526,90.78461716873944,1,1.3
2670,37.773316243222354,-0.0017054216994071,127.81512393226754,2.117442526352489,-1.8176187957341028,-1.2533705668369504,-63.90063334981284,29.81608398207172,-151.623397636794,41.54484768667999,16.747700735050387,10.459271241281051,27.85706541977224,1,0.9
2671,37.77494866830009,-0.0001024110349157,357.24061613008394,1.2152884833226612,-2.040788068577293,-1.5294299561706477,-36.52830291296232,72.47870297592803,-131.16617126637195,10.48089941574975,11.6449749300301,5.892844580887622,99.21579043591402,1,0.9
2678,37.77571035243631,0.000894837971961,326.7830030083298,0.6035802214767001,2.372610604536636,-2.2541499005672216,-38.91702024463581,-100.21548265432529,-79.9794058254138,17.220915331593606,13.136052426150853,4.07855227637728,46.943708539805854,1,1.5
2694,37.77564862629622,-0.0013379558868983,125.42641526598322,1.4069544036663055,0.2928919809792774,0.8099225391746439,-135.46833885843606,-67.3635523875022,162.88007597731115,21.63039036136124,29.5724381167003,2.849207727110856,72.1330677249293,1,1.3
2696,37.77364510306687,0.0016409808114497,297.6936745762042,0.2180977673973361,2.476359756530385,-0.9060736380198424,-85.59984748611731,-176.94730043081717,-116.42784820782504,10.21457522244396,16.24184864875332,16.56027427977182,66.17811286945027,1,0.8
2712,37.77425705884875,-0.0014868568034595,187.7266391972792,0.6866019290105716,-2.175788072550583,-0.8797206784067928,-134.9186755668456,175.98602934297816,-55.543215979911125,17.927523945253302,11.248483728247557,16.212859886468635,65.57070901448618,1,0.9
2746,37.77632079268765,0.0007582750806426,325.9775060788544,0.571864511060701,2.0517640874027663,-1.666797521543491,70.46029087853711,-121.42127184822574,50.44857247506073,43.523821918824446,26.406644300920146,4.208469595910764,25.494219004408976,1,1.3
2775,37.77332859882932,-0.0013537087946266,406.2082590185125,-0.647231118184366,-0.5156283587199515,-1.811402567812804,-136.88166294005194,64.21582881358046,156.1140402521612,9.033515788824596,5.245089401926518,15.328882361356424,40.104691756527885,1,0.8
2777,37.77484878398564,0.0002683528148539,236.1401396804292,2.457682781297473,2.077664234837515,1.1438616788370055,58.5891680265413,134.5767996461439,-140.82824261989524,28.71723225688584,28.309298517304992,14.444432006828585,92.5228721106971,1,0.9
2791,37.77605168461479,0.0016066972694715,266.589670351232,-1.2934780565772506,-1.1688369933602842,-1.2367737173427338,-114.300952256569,-142.869577357742,130.20585565507298,14.84000087806119,23.3181911355424,9.412271427479714,46.73480009540483,1,1.2
2799,37.77573084805412,-0.0014219756445202,406.5128150738082,-0.1704319663392377,-0.1735951335291559,-1.2726553554287252,-130.6966718916505,70.96339708276321,146.38194360358477,33.614754616058434,24.55527369283046,10.222524703489286,51.25397753484715,1,1.4
2828,37.77409355403934,0.0016259019466234,175.321401510824,-1.484283236389352,-1.4431461025690893,1.1448986946781616,7.07578408823224,-153.04681390579896,165.56389129500866,32.309988252520654,10.606304875400095,19.476756297608027,40.26188751398213,1,1.3
2838,37.774150646554624,-0.0013573435522256,143.54975934724868,2.9793685170831408,1.6501503337769607,2.33184618929163,156.94424827386916,119.03171937802,99.93139261836438,4.40480234730839,19.2718858158724,2.7543188296044296,74.56601235403387,1,1.0
2847,37.77613908422659,0.0009234996034613,284.6399190567457,1.753295422828648,-2.351208165963749,-0.3669592037030798,-28.63602267560603,-165.4755268563476,89.27365553034593,0.9446591249504348,20.32631732445265,17.66262027226261,72.7084846467817,1,1.4
2858,37.77294100797835,-0.0019758977835313,245.75536734686384,0.4714524682993426,0.9085788731761002,-0.3672848745664745,55.51615404597851,-148.71962247622267,-28.17760777954988,43.09401099163856,15.473273862334125,13.003154960297374,23.89203135973461,1,1.0
2892,37.77496570007057,-6.129831615027425e-05,450.5474630492168,-0.2223759985368989,-2.556469700125418,2.9279646684379603,60.407809520274185,-105.1874207272772,140.34012197180283,34.17642257689768,23.06151078319421,6.567386387942422,57.00403014684811,1,1.1
2916,37.77574928843311,0.0014796608277498,202.31622966559,-2.220643042207468,2.634415152606411,2.144425016781547,116.84805084673434,-10.335293627691442,-105.69607214412616,43.43129660772324,20.895971723712623,12.427198031912871,20.926951094109043,1,1.4
2924,37.77530786609259,-0.0009947519006672,353.0393601110917,-0.7691940136962723,0.5135509513227259,0.606734352150216,39.40831546194059,28.638968273561343,-39.16031873155546,4.163928353526199,8.398988287289736,1.1979176052081342,81.81431019973171,1,1.3
2930,37.773837395004136,0.0010914971364063,147.16652042253088,0.4434684362003871,-1.7082102160713233,-1.369999159901912,72.15459820496528,125.0952686390819,90.33233968668247,23.37552318314265,26.52125262801727,9.958946670160689,44.223425383270495,1,1.5
2967,37.774021369755815,-0.0010503862127401,204.7822761126054,1.4312992462206564,-2.3714168539132867,-1.941554483580828,51.285720408586,-141.64933816488718,29.7211658075068,34.44149108397138,6.864172602749036,7.460765171095433,99.68985278591376,1,1.3
2976,37.77643938919504,0.0002122048436321,99.62452772445508,0.2715206775718224,-2.3415753167253004,-0.6873242945004217,-106.5878809033929,108.2368471410415,30.71116643750682,28.62978128730858,24.171447348246428,8.098701884202988,21.715341570037083,1,1.3
3000,37.77342824328816,-0.0020034407825594,293.0295718778773,2.335740132431733,-0.3981244516078206,1.4836139291006043,-86.64548960917001,-117.13829399733729,-28.107774115837344,26.1684156683028,7.715664815635033,14.746275892510642,31.203505354523543,1,0.9
3006,37.77466758898005,8.342039868898617e-05,353.9095821538967,2.7426393171361942,-1.6723394677666006,-0.1169220828495856,-103.17461852919648,-117.04147345891344,-160.96514440175895,5.385779037350078,28.206124532406385,19.315736432765643,60.4380957446343,1,1.1
3014,37.77554544670462,0.0010208198543323,212.0294720978277,0.755196657692208,-1.3682649237669025,1.6440258129326395,79.45712555376497,97.99432260896282,147.81359970921022,34.48613779030214,18.21862152414716,10.542294883071843,67.2033480201173,1,1.0
3019,37.775727893129655,-0.0013795607186818,291.8006711793849,-0.2085641089203838,1.7263247237766297,0.7979188213716326,-71.43653181254973,141.16127154064924,-149.63006342966122,22.6414299273874,28.437720463540764,10.973687818940745,31.84165760109577,1,1.0
3039,37.77393804603766,0.0012548355533488,173.55771305581848,2.3345194999611936,2.4332896896234963,0.618125089722732,-104.14192524317876,-162.32928758381144,41.74723527494024,22.79005642731461,17.16745344706119,9.353411159896654,91.64548910021878,1,1.6
3052,37.77388464084072,-0.0012584911747065,353.49848211509084,2.4072524150496744,-2.1471217772608995,1.3793199871364816,-31.792455174950163,64.32127204047706,1.2575108062742402,36.093112093993184,7.392609654017875,17.608564648909304,83.97482417084886,1,1.1
3054,37.77626921555288,0.000658330666429,438.0711730359233,2.6307987757065785,-0.6527793497134486,2.0505624492797505,-117.90033839262384,-99.9623911664109,90.14792351445618,3.8494888148785145,23.50637784469944,13.590626778712569,61.809225865804,1,1.5
3075,37.773092337595735,-0.0018325900428288,126.42774498556156,-2.2331649432287226,-0.2130439822301064,2.156169574146456,-159.0063608366995,15.010898251699928,-26.851683386945325,39.67525806351208,15.992649467249718,19.28056322016828,24.020813059871724,1,1.3
3106,37.77484298247464,0.0004470799985486,298.32270090061326,0.6504475316368783,-1.7724997670973688,-1.3009003693139034,20.97453504706877,90.95024140283476,-84.96431210311297,6.438423778162664,27.167172329209865,12.3450018735004,58.95185073037744,1,1.4
3116,37.77577444877711,0.0009785611832763,235.3818559531095,0.0277480975901855,-1.841566357219612,2.9821386241184697,-37.42491026704883,44.62646075828161,-117.5743304239302,19.48252776325777,7.602055360788724,8.875826064242258,56.97148186782855,1,1.2
3121,37.77551635255752,-0.0013908919960413,448.4474439630376,-1.6338077194450444,-0.6288525341246705,-2.366705179722297,83.51337933849862,-58.23601803622034,-140.77448643036868,36.2585178657085,15.86195404748346,9.495740319376562,78.69182160856596,1,1.3
3125,37.77398363466336,0.0016188999706928,221.915673685072,1.3605363443894154,0.0296865767405076,-0.439645320759638,66.98437082251994,98.96537781158582,-4.964899684189504,46.66681085824565,9.79066679886203,8.267943795340305,75.83930930136253,1,1.2
3126,37.773923681217504,-0.0012584997113273,91.23719232907752,-1.1718219594822634,2.3556920045341894,-1.8867275995322823,17.643413614422002,-139.4903554873924,-127.39115159575566,1.4006383547083725,21.00559806347431,15.09617269836652,51.79029993410624,1,1.0
3167,37.77604138522275,0.0006200795992881,276.87956915211936,-1.283473330770186,-2.534586556427193,-1.7738851168296303,-77.8723345379848,40.070795541332245,-163.7439076412639,29.756212261087583,28.080219166016263,6.588451077046711,71.87077890946966,1,1.4
3178,37.773553645002,-0.0020514462671152,432.489095199318,0.3638575508759167,-1.6500079378945731,-1.2261044300557524,175.9526064413444,-23.3675831680728,12.06246205322836,2.4309341038395367,24.09979185166788,6.29585423557992,29.857922517346893,1,1.0
3184,37.774791847121605,0.0003743230778433,279.10116161999565,0.7354709413277924,-0.1375369706447191,0.0981249759989753,-149.13953181065486,-113.22737879168798,-33.61740906829601,6.140198655276298,26.731765099883297,7.273391143615953,49.225379982722274,1,0.8
3191,37.77579194422349,0.0012689522771135,116.7357806634862,0.3020189865716487,-0.0529007974223816,-2.07101209083932,74.57782351257754,45.194273004095095,-70.2240501230467,64.8703116046455,8.931273086296805,5.661164670545644,78.03063349225053,1,1.3
3214,37.775757468686,-0.0006647297251231,244.5564822521592,0.5400748096421752,-1.88027105059904,0.2430216299870515,75.81137936664507,26.40385570422626,74.26555645657118,36.806306901438695,12.078064547557036,6.796417566179461,78.96866978130579,1,0.9
3221,37.77367551842058,0.0014500440714422,488.79585549509017,-2.11365882961721,-0.399892758416164,1.638424875410216,33.764095292096385,28.508801891521813,-32.85211733729943,19.74604361328843,19.09156525515532,9.178675486892322,28.89074056285056,1,1.6
3230,37.77406384622324,-0.0015032869029683,126.39962289115496,0.3639411210040908,-0.1005830625290884,0.7796817641900331,55.10376103496881,168.85459598909353,-80.47827181506203,6.714888241054709,17.341404616995764,10.950581150586904,99.84527381786242,1,1.6
3237,37.77619960601243,0.0005105328897381,145.16164402238593,1.9863206453840296,-2.557535009153036,-1.7112597675644745,-57.07039231618967,23.20704997746025,-72.04915809373789,9.259684320245617,29.469601642484854,8.520557073938537,62.48967204781468,1,1.5
3249,37.77311326119224,-0.0018537723524385,59.64793998040096,0.9501425531117764,-1.5609495091146626,-0.1536160863612403,-16.038340959974278,62.860545537075296,31.177586991053204,1.1889675579229682,29.33709083102191,16.061552278657835,58.345558316733886,1,1.1
3251,37.77499521535622,0.0003839329604136,481.4539897731836,-2.46193046004372,0.3151186822018674,1.178647626644219,-129.50930105596365,-0.4394707237733541,-150.4929868084461,2.4303029373994454,27.75801096184544,11.990748220806022,34.55629368064888,1,0.8
3256,37.77600215057366,0.0011359718256002,320.5887637166168,1.6933740028327406,1.7851259959080563,-1.8290816365936748,93.71702700979677,152.22530489335463,50.37609802700271,28.486247585748742,23.413779884775945,13.15441129514188,27.37816688813876,1,1.5
3260,37.77540118280633,-0.0013477122529592,360.91425653203777,-0.9232287595704728,1.4765179369297652,0.0804404040625987,89.38840418035994,99.73331349829031,-61.33218200457178,29.558169654678643,23.19002063147069,18.7056939038534,27.220365295095128,1,1.1
3267,37.77394431674249,0.0018256835866589,300.8832191002739,2.1401893387654134,2.4098725395305305,-2.450674636413708,-169.05823422017212,120.83253759283326,29.822739117869983,33.2305320422936,16.438563743263238,15.918258861468836,77.7057753807072,1,1.6
3269,37.77399301523735,-0.0013737570250911,445.57790204851256,-2.71933709885932,-2.260221201772513,0.9933729372727274,71.17676444595517,-53.40381989573535,48.92360960478476,5.090557749111173,13.41115574431693,12.599592232258589,29.5996935331927,1,1.6
3279,37.77620670237552,0.0004834349247037,487.0484554823519,-2.644509285601635,0.8381286128725742,-1.477777154927127,-106.4682992093996,14.22843174945976,115.78643661083844,39.04941448379632,6.371868280467445,12.772064802404303,45.712252317427954,1,1.5
3306,37.77365122901764,-0.0014959328793515,251.32092018713035,-1.5657843411011632,1.1375837419663988,-2.613164732001893,-129.88071958907145,66.58827709903395,-158.53183833693743,8.138826104498417,12.584624248778065,9.240292442298024,93.25079029165497,1,1.0
3321,37.77493789789941,-0.0003182554122201,226.73758259241947,-0.6948650876761198,0.2596070495904921,-1.1687564242800528,-4.439221476811269,-93.33115473036484,-150.10422672759685,30.934737812135296,15.286515286021531,9.558838927467743,24.252173005732203,1,1.1
3331,37.77564834494924,0.0009896686655338,243.8224797236047,2.7384046766004992,-1.1045083052661844,-2.9024095552953404,-33.62793448467272,-0.0556337572062659,76.17070264128336,78.96850520265833,12.096069531622229,13.174154881824922,91.55502383926996,1,1.5
3336,37.775400695991245,-0.0015001278864994,339.90863037169186,2.5592732486137644,-1.2803066493016342,-1.7787916924774354,-154.71663672201197,-50.7048511307612,141.0663165907921,34.41920524074934,20.29615771496175,8.911443339140375,56.08898282923023,1,1.1
3340,37.77369792777467,0.0014901007257837,498.8215070662159,0.0233831897554956,-2.990085071148173,-1.8488931427688688,37.14749571502287,-74.26379239768013,-162.66874078814084,16.056942039445058,19.618365181031464,9.695526992956768,57.25441350744797,1,0.9
3354,37.77401821433103,-0.0010762529079235,161.21528151363196,1.2610296444180076,2.961780851552236,-1.3526119366541214,111.70344980455064,-15.784965548544363,-161.48852910565392,2.2338334599355543,20.192381806813703,15.276709851939524,81.22460401941626,1,1.2
3370,37.77629218038845,0.0006283023717864,133.32427043729118,-2.9210233714086145,2.926234858297187,-1.7655229077234749,108.9528333814153,166.90734434874145,-47.8094370004946,48.6353429881307,9.53582591688319,18.208968805299747,48.62329705118239,1,1.5
3373,37.773443661019805,-0.0018378136325099,78.72171561937111,-2.0091077273401536,1.6179869309919477,-1.5301187043969466,79.86009654927739,-176.78211207550265,116.15948891441484,4.775105644019625,9.745996602186498,14.078257288978923,59.93611315649215,1,1.4
3396,37.77466081250928,0.000113984740339,113.36533794184976,2.9030340512446475,2.467848978975425,1.1601290993946538,-162.18594462730596,54.4276528381964,105.61970447512078,26.8541652537072,15.033149003135405,10.50856606284838,41.557463220223305,1,1.3
3400,37.77587110916062,0.0011604270318686,481.87707711753256,1.986040733938648,2.75131911187576,-2.099866500873484,177.57110562652582,-123.08127183399716,124.64035064141348,71.20324059879773,21.504266206826205,12.131719786192148,23.235934850415862,1,0.9
3439,37.775653828216704,-0.0017452038509688,58.65426655554208,-1.6478254480780572,1.1869190585178622,-2.483890874617917,-140.35797225235007,26.045705677775004,-141.685641822638,29.97830814314328,6.471282125043421,11.711825950351102,59.74994358262828,1,1.3
3442,37.77395001639549,0.0013283771306241,176.17738036565774,-0.0036264049736058,1.625374099677492,-1.0136320404306296,-130.2798672917964,55.70431522765708,-82.77621424134966,7.430174111664131,12.913771329528169,5.794469600805581,74.19718208563481,1,1.6
3450,37.77370261648063,-0.0013115112890499,429.5481996491331,-2.348107325202417,-0.7201504532495511,2.8315547800264715,-131.786725505121,9.201490262589289,-162.3393182865362,33.31376317887523,23.81409109540547,0.0204299810108832,69.921319004926,1,0.9
3490,37.77646406747675,0.0003123089238955,408.355598965842,0.2370215427000364,1.1591220227243664,-1.9825652608089483,70.30412001742658,177.85986745310993,-110.66235504931262,21.694596398363903,27.96422968216581,6.781428597002068,38.38250356058735,1,1.2
3504,37.77314513879384,-0.0016475400029715,159.51637103286922,-1.0093349459721168,2.1443410175230886,1.6637927142795466,-142.05784749964062,27.83304952433994,104.502000907333,20.74907707405876,28.10063704482295,15.016422731850296,24.93097237956387,1,1.5
3512,37.77453779164168,0.0001453152871449,87.4479662330317,1.0350682157844355,0.8459646967569352,-1.0392348893532273,75.04644524377068,-59.08576951087633,-138.2816769384089,74.30696441269461,24.88409789510316,17.42581615637644,79.78387857725039,1,1.4
3515,37.77551814281901,0.0011226855637457,227.1542827500596,-0.2658980009921015,-1.6075254708718671,2.8723028223348823,104.77739323972548,-151.93499610945878,-96.83525986687827,14.779855280471155,10.03636434460284,19.79076668367163,84.77436129185593,1,1.4
3521,37.77556462243439,-0.0015137226029223,425.4149766133273,-1.2425659470998427,-2.972396725644693,-0.0132192177974506,-6.148548787678891,-130.54748384771898,-147.48227719787613,9.91255775452994,18.61168715781356,8.610359356487763,60.09289226312863,1,1.4
3530,37.77377821823137,0.0012833104548775,298.82333668516344,-0.3740858116534662,2.805115126831444,0.5198007547403036,17.51831847415977,66.15304215550853,80.33170839377107,30.840949438937475,19.58847148709214,6.37183390293091,60.27256254989841,1,1.1
3535,37.77392348810997,-0.0009088022936666,415.0799842757179,0.0381975213707344,-0.769122762416012,-1.9372764258053707,86.17608324688109,-65.3612335345229,-152.2007134950705,2.9594597748906795,6.40006117858448,7.394477786768075,56.02953753204084,1,1.0
3536,37.77625222475392,0.0008728330100989,147.39938753525217,-0.0587828747662304,-2.011068702058642,-2.1106034865831496,-79.29859172210938,-148.74090115053016,91.76419585475615,73.12268698295867,29.02366345746643,8.966094121118154,62.42032194046477,1,1.4
3538,37.77356707985114,-0.0015861487081242,229.8373171222711,2.965042750090406,0.9412398135561536,-0.8009138778859413,-62.20881329199881,-174.78035358366316,121.6492190497692,1.121647749652456,15.977611937504502,17.59677570846562,97.02807145394232,1,1.4
3540,37.774693306795626,-0.0005624285593108,391.5438981995672,0.541291413771642,-1.6132088362463828,-0.0091329345728112,-55.20391201894857,-115.75429565270925,-30.02919276085805,34.93970574392332,6.8112707380760895,15.020598944353962,20.055534308445715,1,1.5
3554,37.7756994408052,0.0012691034260685,63.40135429441442,-1.0218306797696894,0.4449399985893114,1.4033264465392463,-176.25862708408494,-160.04014551650698,0.6262767745321582,18.820317613045827,14.226682068567516,4.790326868946984,68.93040760730985,1,1.5
3563,37.77544746171893,-0.0012808614853575,119.18526439810368,-1.0794413455466914,-2.424248820820954,-2.756368668240051,-80.19702964996533,-23.05866670548653,164.78797536938157,8.731287511108222,28.36966513151045,14.012312748340117,81.79753576558096,1,1.2
3567,37.77381938527303,0.0014987727602491,182.9196517282772,1.5660437411154842,0.7090112979977476,0.4491198776045877,5.674472471169111,-37.24945098075571,-60.34822520270352,35.08136869547309,5.421025379898365,4.492969045276515,93.12394161278851,1,1.2
3575,37.77407301160676,-0.0008720508431981,464.1754241750166,-0.8047697811061463,-0.959944398552568,-1.0201462294338492,-44.91418279430556,-124.313354493612,30.387483743990742,5.73196490127661,8.433056477459843,12.939226398929756,38.209811965978616,1,1.4
3577,37.77638133673954,0.0007594871379574,255.60254974209252,1.4275436248731,0.0326499403068281,-0.0759448148809265,-168.94854475712114,-172.54036185517504,131.48878425875154,25.55860096661793,15.399058127817485,13.841880700573526,75.05872058291857,1,1.3
3580,37.77322999130492,-0.0018176375965273,159.5543053872946,-2.9306623139148864,-2.426547758768816,1.197634485823322,-128.95106357467134,-31.891031129389347,142.06826051901686,13.500142205835187,8.531485386971111,12.85823664738752,75.46275981140182,1,1.4
3584,37.77476091973193,8.976417690883122e-05,139.28032816057237,0.280812155487073,-1.2369424874420083,-2.1517496663713915,139.8574571605218,-110.77184748019197,-68.48008530147598,9.949355124967976,22.360878531721763,16.474035613449995,80.25658298047031,1,1.4
3612,37.77610925198156,0.0012037560821335,499.2364200802813,1.358793322761188,0.794613497641742,-1.6540564877028303,-134.40792880643716,-19.107557333940065,116.1328299403271,44.99310794392063,28.72210440779477,15.548016170109758,95.54892794653242,1,1.5
3626,37.77549745710324,-0.0011670842968688,300.8635470390442,-0.7113702111059568,-0.3297283001108075,-0.763303440348841,72.94118745389005,13.315098374507556,-77.49336765146583,16.625897911253105,20.43381586435538,15.670052292270746,50.12150528434853,1,1.1
3634,37.77377398785334,0.0017523997410237,158.75205168767047,-1.436047209315274,-1.9122451679165249,0.3017050648160317,-125.41444943247768,166.3604485205912,126.89280365208384,16.193477178162258,7.830956656214775,19.938116331589384,22.892003356069416,1,1.1
3647,37.77384593161447,-0.0016015751433664,262.05650928124146,-2.2635640827341463,0.7217220569310601,0.0226526030344245,-22.34570275659206,-154.40797863208186,26.042259770606137,22.6115469347805,18.933006233565628,14.396750650939818,32.03186473830996,1,0.9
3648,37.77639219397626,0.0002569550956916,444.3584508622362,0.2406446335307457,2.139247324132768,-1.1466143862275755,-50.22536104502353,65.90783445346028,-73.1154789989193,19.65956330704552,6.722434012764676,10.977843848112492,35.53498494949874,1,1.3
3716,37.77360932434892,-0.0017024642823808,405.0832922967621,2.56905563439741,1.6973806120340065,-1.7214109131091213,142.5331134138737,47.124079342785,58.26311454164494,24.341577047055463,11.846985178900391,11.263572966611118,33.097483444092305,1,0.8
3753,37.77479723145192,7.43978382169846e-05,305.69375335437087,0.5689822641539202,-1.817904722309884,2.486154779112318,38.4233612428811,-152.34948140475032,115.58427797207185,17.76521000027789,16.182198962854983,17.841603792151723,77.63278455920077,1,1.2
3769,37.77533825707433,0.0013265375377003,369.1057283668531,-2.1350396376697827,0.9887819461827504,0.3444699458813689,172.62404535343893,145.36926582091837,-62.69743188072884,25.98696900500977,26.52880303994188,15.339416334089396,55.73439845062039,1,1.2
3778,37.77569474824937,-0.0013117643825235,433.46280373451407,0.4843491968568343,1.931228129225075,-1.6700719503772994,82.30011900218284,72.46918241909322,-54.79249920694829,36.682287623875695,15.61014394614708,18.408092306408903,82.95041244966401,1,1.0
3794,37.77405310659788,0.00114263486725,54.15904156148517,2.7581928033060263,0.0959045172561783,-2.1406346531389224,82.65544496469573,19.709678437119663,-19.35310978734012,65.47601540637989,29.061432619766084,8.405209264250285,48.944252488213735,1,1.3
3799,37.77395255489575,-0.0010607020575222,166.54930453764484,-1.429259993383755,-0.942929358706988,-1.3204590840046793,-155.3588302677129,56.709118020790186,10.408223867561077,13.84808564844221,9.71724317560012,4.2055748148272265,26.124231054537333,1,0.8
3802,37.77686383533995,0.0008266535276518,104.58711705432364,-2.363132083071649,1.8330997720983755,-0.2961105233944519,14.440659409344278,49.3404821650158,-36.14680271249336,25.97490657782492,22.565943389218614,14.199241612354417,73.63397267026514,1,0.8
3809,37.773352439117005,-0.0016652552979596,270.7067863208696,1.233379142165023,1.646885750726204,0.3873788470648498,46.994761635246334,12.183513493908748,-156.33345512176058,25.27988217721246,16.26732626273638,5.053515801995719,77.42772913382467,1,1.5
3823,37.77468378313918,-0.000104527340793,107.6607681127358,2.649217476230956,2.4008277077580216,-1.308293968351795,-86.31961586655298,-55.187741978713575,155.36871708437224,34.77720531244538,8.972922615497648,18.90509229361417,31.039018545996832,1,1.1
3825,37.7755819824895,0.0013267128773906,175.57712473097143,2.292853885355166,2.0406789852026987,-1.8038431825318515,75.1057567388325,22.622334123145123,33.939041395064066,21.70955035842634,11.454758965390567,10.676957396878183,59.63892202127895,1,0.9
3830,37.77547018357212,-0.0013490606695845,255.30801982400092,0.7805630967324695,1.8683622740664656,-0.64919537445203,-141.71132498062852,-162.59655368229946,-134.08643651170772,32.048235883187985,9.239937621863929,17.918612286635373,57.96575455772463,1,1.2
3837,37.773907399961374,0.0015881701268394,178.57914285460157,-0.6907232346941092,-2.0469651137625187,-1.2531685951237843,-106.16967912013034,47.98837547580419,-90.0878859817206,9.487691274600738,20.2618995230221,6.471162621247006,64.4747188870403,1,1.4
3850,37.7739355166211,-0.0009017149212089,165.70159835186524,1.7578934143490264,-0.4646240098839111,2.6685414351125507,105.02308200902138,-164.6999837681434,-65.95469924399245,38.95542631204278,29.85921697855957,7.486145981865146,41.01105375128615,1,1.0
3861,37.77627937403912,0.0006212646636125,352.50142124622874,-1.2148226796270665,1.1009949267982684,-0.3357129429720378,-29.80921038383468,-143.94617038832007,64.82142973041604,18.7501942901295,10.665362656504977,18.543548345390125,59.82563652098887,1,1.3
3863,37.77337565598681,-0.0018077568339786,268.5237430985811,-2.9695973130164264,0.7077331262595035,-0.6098861711804622,31.116673273319776,-141.3386705403799,-123.57607870401196,28.30281524942277,9.70663778028512,11.920785198702983,81.21056547265925,1,0.9
3871,37.77467077517976,0.0001722652710693,142.08146265155892,2.642926421815499,0.6001644160747794,2.327843657780256,-61.27065238463243,-68.39084398633753,-80.14707181678807,13.917583634427476,20.05097290970729,1.712212064167915,73.80479930355735,1,0.8
3883,37.77597979230897,0.0013356328990184,164.6968803850326,-0.8626386750637467,1.1465411189709922,-2.9813347342605434,-164.42464296544216,62.40354017302073,-99.5338235763385,15.699206872121582,25.303202186892914,6.574767745060677,39.69359983297741,1,1.2
3888,37.77589366570937,-0.0012712387636212,219.64695591498568,-0.3669795714952144,-2.180466369741456,0.8718697952153285,16.193621105924535,57.45617922753897,49.00969498093608,0.5104187244152841,27.87099612106744,3.836680079176265,88.35227186548211,1,1.2
3891,37.773623517079976,0.0013030532795034,435.25859915887065,0.0803404411690857,0.4502829986637007,1.3028992985028651,76.30951517736935,-118.08993204883024,36.1036334498863,5.635928838695159,11.155930354677896,13.475388423546358,68.10477151636499,1,1.3
3909,37.77429633536903,-0.001542567597135,67.52016828021704,1.4369015137279657,-1.4779430904292192,-0.0045659583499464,152.34612139938275,50.305679056214814,60.391958648168185,27.92846177554888,12.101271999060092,6.174587621158521,24.44655898425812,1,1.4
3922,37.77644542101136,0.0008315516658212,437.7346728104963,-0.3149958142952931,-1.34886556543475,-2.029285593109514,150.1115949720002,85.04566368168986,-158.77187030553338,26.550631158789724,7.932900225642748,11.057322341750387,84.1655465964048,1,1.6
3943,37.77310535776625,-0.0016429795450179,173.02276315120037,0.8197747106702922,0.7212289916451553,1.3226418830526647,-114.46054248411748,-11.06354718458914,-121.1783793629483,57.16266154536843,13.945890635741709,19.50201286103627,57.07260998445348,1,1.2
3951,37.77485988209999,0.0005565580363585,393.0046529198868,0.2182321423447542,1.0544319879212507,-1.125923137688449,-36.32589568988851,-177.48137322846478,59.77468949568637,18.064213813745383,29.57220826599028,6.234581540062536,90.85223158075443,1,1.1
3959,37.77586650094687,0.0011626289427948,319.85884140262675,0.8641392998132869,-1.1505836944203487,-2.581825322585125,-138.3533927215302,-39.10381430722478,95.53669535471472,25.863620119391413,11.928893761645458,18.31731784932314,74.09420147149874,1,1.4
3990,37.77559636585259,-0.0012558363244326,318.3845119630908,1.0937227305821855,-0.2982082425375196,0.963643990865866,-95.71476926931145,130.69313756793036,56.53622079670319,17.72743986451649,15.06045938691278,19.71405284917781,44.46813623600193,1,1.0
3991,37.77393218638931,0.0012992938914787,275.31348250788943,-2.1878252294384533,-1.0687220946832765,-0.8104769136000938,78.10226831401775,152.16966483945583,-18.49858246637632,44.93976640629253,11.827913521582182,11.254904431390775,95.0570811584786,1,1.2
4007,37.774269243437786,-0.0007095390910756,313.48131911648585,-0.9250430172859248,-0.5642312619624636,1.4164121521378918,87.27418934210175,-166.0309104512214,14.385395476100229,9.472980388378966,8.833394522963001,11.331821617940705,43.64710976216063,1,0.9
4009,37.77636346924984,0.0010451737860671,345.82686777259846,-1.7718499522692577,2.723791399951645,2.235410767511122,-114.39799546399612,51.56103806110622,-107.35173763041144,26.996350885620625,28.194914285962813,18.87189482256088,30.9541783049228,1,0.8
4012,37.77328516851075,-0.0019317707741687,94.84751872906187,-2.987516164942285,2.775172239519332,-0.4350620988920468,135.13679205087124,-75.1725148253188,175.25578211980076,35.93896957263186,18.6918838002705,15.308857308737018,33.63311885984687,1,1.6
4055,37.77503344583453,1.2683911768246602e-05,206.32881278765248,-0.9589742976690628,-0.1346604026209195,-0.0186675101845068,-58.4244313107889,-115.74010257632528,9.61915484299513,15.176468410317316,20.43845833148894,6.187559286209243,73.94205906884025,1,1.5
4056,37.77601107295565,0.0007526683284413,469.11126524290665,-0.1940512548717539,-2.625586078338776,-2.986957297310475,52.79418175928299,35.02805089015885,-72.53798765789358,40.16220039051586,29.454268259824268,6.778380711850993,61.03210557366977,1,1.4
4065,37.77547931643066,-0.0014013260876506,487.4704292906374,-1.7074685783563115,-2.7885333055790618,2.1074663001815104,24.1043808742914,-123.48201058820892,-21.116071244570094,35.84713332017168,23.230505170385783,16.50356061603664,75.99963861746615,1,1.1
4075,37.77354973638136,0.0012487906142382,239.0605493823952,-2.172293937189858,-1.4082607335064927,-0.445138142200471,170.43167184987777,124.27291270051836,160.2673393240172,22.317518629402805,23.64566122957028,18.861277786207367,77.30802643242752,1,0.9
4094,37.77404043766087,-0.0009504527910433,321.22841022842084,-0.6977079029980398,-1.5061004026109146,0.7436653007757621,114.19072333789666,82.75914234309215,4.576528679108407,41.75036231987051,16.004958020738037,14.244342086088892,49.99964895694654,1,0.9
4109,37.77622248024624,0.0003891489513033,360.74868817984014,2.575493491458816,-0.4190132849130021,-1.3547247697759357,170.9873928853545,-139.4814778272374,158.3163868924159,15.471069659833471,21.16454794594394,12.106113805549937,30.645542546402424,1,1.0
4115,37.77360799051343,-0.0017831421153032,245.09439626171047,-0.7310761922978379,-2.4227655500244327,2.727052843629828,-145.06703590602123,-7.246418360300396,-78.6390620289586,27.94108181225794,12.142740529410249,5.75963098787633,79.24424025387326,1,1.2
4121,37.77456627803291,-5.907064849698539e-05,359.0695471965332,2.4728154115391003,1.651267903405028,-0.6725242176772288,-143.92019351928568,-146.68926209227487,143.72546466750578,39.42338110971055,12.461355965153446,11.923242215434673,89.61025148820285,1,1.4
4122,37.775686908185975,0.001081871724075,305.5217411298128,2.299231211240773,0.6918684433646356,0.8450177597684876,-126.51174752080948,34.993181610756096,-73.76388304347017,39.01011065218375,25.17505112096352,4.646939395647241,82.21923055950808,1,1.3
4123,37.77554633139523,-0.0019789273843937,207.24130071220463,2.824788895636032,0.5616882262833647,2.248627995369578,-120.00426227871854,17.25714581822379,167.7505450059042,35.20668292062219,24.33344607545269,11.236871239125785,24.63517481561727,1,1.0
4136,37.77397260873851,0.0014265011564045,126.28407214825808,-1.3857987073445346,0.5566243184581339,0.1630910180826021,-121.90761973642722,37.40551040177169,42.48892016501512,43.38834049403618,15.109242002736424,12.78177958916466,67.33507384732334,1,1.6
4142,37.77422987922879,-0.0007170434787133,56.93673130178345,-1.6004541512760122,-0.9786228881113628,-0.2440772278811893,-28.19663896901364,-89.92774159940309,-66.04675728058622,13.32567449076305,17.922393299245616,5.245656237508984,33.60718010720913,1,1.4
4146,37.776256394179015,0.0006214593244651,81.31180259461055,-2.2658110274038545,-2.8795974275582,0.5361663119764479,26.0368471632965,-156.9029178473508,-35.14811651301537,23.3975362746618,20.432587407574808,9.692512681734335,82.40114168655705,1,1.2
4163,37.77331844437318,-0.0011210459466205,92.40007043637831,1.9737541032640404,-0.91518215101427,-2.641203948443408,-160.4870411384187,-24.258459160951872,43.58497393893077,26.0254475623887,11.653999712369249,17.738571089116707,68.68332836753808,1,1.3
4164,37.77483230057739,3.172959676602613e-06,191.8342805692837,-1.3693169928528166,0.8374432399924863,2.382587587238433,31.59671146854049,-179.42730245432148,-163.46382945991746,39.05530361050451,21.08370365113537,17.170632321079395,49.13493193085026,1,1.1
4189,37.77570999613823,0.0011828775141944,256.10658094217564,2.719095581465312,-2.3595799079124147,-1.2445764447677927,69.67464742935607,-163.84309016769157,-108.74968351378678,35.58362787374639,9.720616763006204,5.993182704441889,41.81974606249766,1,1.0
4190,37.775457736692296,-0.0014958792344692,439.10498866354266,2.9128523940265936,0.362469060093666,1.133613846051377,84.856806173618,12.429854720754378,-94.0826323336724,0.8794487615140979,7.924297169811288,11.258563114725153,73.02328972795932,1,1.1
4224,37.77374964332573,0.001471612082417,449.7942673148432,-2.8942115463958515,-0.1901988062691177,-2.099761414254739,-38.33457744640032,60.00467048415152,-22.58195456041216,28.9872511364965,22.01157199615886,19.41377632434099,52.63035238881703,1,1.4
4226,37.77404639337514,-0.0012999638711616,245.0151269135757,0.7753138325316815,-1.602047684724362,0.5634375613535871,-77.03862593678542,91.21282451198186,83.92776867002135,37.88843008578764,11.24251287327722,10.962290864257993,49.20432968428712,1,0.8
4246,37.77672593338842,0.0006246260710473,423.17900488873136,-2.127104102404439,0.6610980650209024,-2.855533990041031,-18.61515208624897,0.4019576512483809,-15.210936531985112,13.511016866793696,6.569665180914723,13.63145108749341,56.43504737719415,1,0.9
4256,37.77350411622873,-0.0023098804655991,211.16608988076192,-1.5937704815771656,-2.1106853411789004,0.408237015220537,48.19410947033151,151.72865234141608,94.28385783139731,34.77022036627641,16.02367525090801,7.995928189053405,51.2811971154153,1,0.8
4259,37.77446371089311,0.0002835477346916,134.17557621187115,2.528204416197112,-0.247122430551395,-1.4535736571098825,-5.418561692798363,85.95885350153708,-43.30373919508074,25.640939362782984,9.9876208963589,13.60908980304547,75.87075079451907,1,0.8
4260,37.775669152466506,0.0010597485956161,270.0578211559674,0.3600261844635533,-2.0192933461144382,1.045124464851931,-105.6722392301651,-76.73772202811034,-2.6540883718273847,5.987651293842992,16.34408449037064,6.055583404768832,43.12744716771277,1,1.5
4271,37.77541619563402,-0.0016855381931217,400.0154645497629,2.244275486046985,-0.9242550596393296,0.9206607516648004,-74.94843314993628,157.22027528419954,127.77140705435176,24.68209596720677,25.325269347941106,1.677212747379997,73.16866002927662,1,1.4
4275,37.77416255698713,0.0012264121000443,147.76095761639618,1.815159209179896,0.7146881718205256,1.8834208336349607,107.58728036034046,72.45668859901829,158.76650759478565,35.52713642294136,25.448102072604144,8.40670561024151,31.86027362667272,1,1.2
4301,37.77425595776849,-0.0009248274127372,445.07370379982274,2.882769810658984,-2.444181787873164,-2.876321046984812,-67.21475467067883,-68.69397632578692,-80.88037179778324,40.16125729035291,12.613910396153845,6.733381461235384,64.59004743010743,1,0.9
4315,37.77625234258005,0.0008468721686356,101.35164073405036,0.546424257886235,1.6545347437212277,-0.6710862714661641,-31.8722161496932,-89.77739099907882,79.18179724351609,43.317835252246695,10.33525498858416,7.669918738971317,36.8916090986024,1,1.2
4323,37.77339581411301,-0.0018259832899721,196.0603966243756,2.0757561925380763,1.7511111765307827,-0.9921549332186164,-179.0526081522655,-173.9164540135596,-100.66326682815463,48.83715874907571,25.659369420325547,16.41960759833382,47.084430580321154,1,1.2
4365,37.77496488279845,-0.0002781029620774,184.16433701666315,2.4098650666218564,-0.2018152870043321,2.612065851946009,139.53260251140182,36.37837304240077,69.3768469954488,31.222352917330163,17.109020975481783,16.494064449509146,35.3487681521766,1,0.9
4366,37.77566854453561,0.0010831073226382,117.110798531392,0.2738617099458804,0.1838134942347373,2.654237229015088,-76.14417226213799,170.63918388598125,-2.53849601322716,5.282849386813773,16.368696728877637,19.77633762415132,92.76724519579813,1,1.1
4384,37.77563600422349,-0.0012035471682592,243.41796416362183,-9.881037098935508e-05,-2.57032852746289,0.0591727706680043,-165.5398919048452,37.3928410172243,-47.93367478145106,26.346162003212427,29.26265590567274,5.142766107613664,69.69610790481644,1,1.1
4388,37.774055908121404,0.001397036883906,63.0674521968985,-1.3709005336015718,2.6727033007067327,0.0905815956177535,-35.836735235440244,-172.68195594758765,59.105634996829366,3.253618209279898,23.58437723838216,15.882078920704002,36.76066548716253,1,1.3
4397,37.77413803521432,-0.0013837361074641,325.87341164126536,0.2080005293572941,1.763563651409723,0.3660867181795932,-61.53861092356533,-67.96613738725863,95.35335094500482,46.49086716398931,13.4159326558318,17.531502882026302,66.84864164296755,1,1.3
4399,37.77639974235028,0.0008176103943152,380.348141396507,-1.2946448961747452,0.0481638933229251,-1.280932284601782,-28.634370899548145,-90.68694983935434,110.71051692341968,4.249134638309948,22.17405215674912,13.31168490969473,66.5797119558298,1,0.8
4426,37.7730827623956,-0.0016323973130876,424.0125339959222,-1.6761243319262578,-2.165795047089735,0.9846533428981736,122.70539865210674,-18.45529402936478,-109.82979801206903,33.14792580416073,8.538721888286464,6.100349424786103,95.31923446784025,1,1.1
4441,37.77480338252255,0.0002102647543275,383.1371558401918,-1.4924450191972376,-2.9416447492128337,1.0798564209664194,129.32020940464696,-2.7371644949524523,-12.137079959287972,32.128174485058125,10.778739807473336,1.3725798532536282,50.912569930360725,1,1.3
4442,37.77592464075804,0.001018840552777,396.5137109156824,-2.450447795133188,1.0433363936782856,-0.82454250498595,-150.8844816743478,120.10665580462666,1.5734383733283153,9.841866370007708,12.20707165324428,17.148366230766694,69.57006287141999,1,1.2
4464,37.77530276516956,-0.0015255880192247,302.8090336979621,-2.2578490075957247,-1.6148786823874608,-1.71235084960979,-100.0083489687004,-11.103918994448264,134.2102295839839,16.01054936057407,26.66707409766114,16.333568531234107,93.57729326614265,1,1.5
4472,37.77395638562182,0.0011249083042399,197.7389196610604,-1.5620872019034306,2.823847480499328,-0.4270319417586843,-6.572131236651984,37.95431731778385,-138.34266179627693,72.71367079504274,14.709305963242551,12.808867454843195,38.46759542296879,1,1.3
4491,37.77434287523884,-0.001429168911009,469.6026894862895,2.8167811772749927,2.196756354565021,2.942590189703745,108.45960211979292,-138.41214984749166,25.15859177551985,47.949773848491816,5.163993597371307,16.33707743275364,87.11734357483523,1,0.9
4494,37.77676055068356,0.000208912529189,390.7249814356338,-1.3842928811477435,0.9157778164513424,-2.913067883044268,25.83624168757692,-127.0058452295066,88.19641894203056,13.863479606508395,23.022882848776096,8.1984326755966,62.18026749111014,1,0.9
4504,37.773290397851525,-0.0016586714188994,473.859745183166,1.112032691528137,-0.8714943843223395,0.9547932230472383,124.43675724225642,67.76491629524111,38.509714066044126,10.120694192250385,28.706165517633128,12.397106436820982,75.07902226512304,1,1.3
4517,37.77490843016607,-0.0001239974383437,398.3277681257522,-2.6993578203601896,-2.855155337265998,-0.4046325549215352,-146.80894743437725,-31.49875299595351,45.97028897284301,1.1902240568689952,6.635384849337476,18.199801935535827,82.89200538364081,1,0.8
4519,37.775934406069794,0.0011291886845675,325.1892175766483,-0.1097671209359458,-0.3823843197444647,1.5627404372411755,-143.9463102075104,5.808756983371836,54.310185760931205,15.391826402929947,6.6875012901822055,17.251954339116754,34.56737162744375,1,1.3
4527,37.77558313102884,-0.0013392940661606,237.4843325537352,2.9929563570854896,-1.2400300007609388,-1.2756043600832518,28.00306916304362,-47.85716092450886,-102.10067760886196,30.220339910842444,25.71934025157108,18.02005903447896,41.59119624874772,1,1.6
4537,37.77383714356733,0.0013963494357626,165.6528045000945,2.5894659181114594,-0.0336197833544256,-0.2725472466381173,-75.2465461443016,170.99297120931635,-143.34246686219228,48.346453054331946,9.418951191862323,15.119038058893429,99.53041615504654,1,1.3
4540,37.77371965209743,-0.0010677788806459,289.99707923882136,-2.584244103200147,-0.4530217528369951,1.2821582828740734,-46.74602500298269,-41.96680025806069,-74.5450287994007,27.36840199454561,20.35087536503555,14.491072356820476,84.71018344122966,1,1.1
4559,37.7765891054022,0.0003758717130524,493.4932163033176,0.3740179643506685,-1.0179119285570253,2.739972484468617,32.36867743726785,-1.5951559426022754,-26.059479482222628,9.65017449356658,8.208696038413429,11.834948629469729,87.46804388292773,1,1.3
4577,37.77327470105185,-0.0016677408628888,268.1336108298614,-1.0805181891581912,-1.836741603643084,2.9505338970272543,11.647431409898218,172.238699018979,149.86718897636854,31.53323142891991,28.91307648066255,19.66094341253205,99.14849797283792,1,1.2
4624,37.7748991573673,4.1976500300582e-06,395.7847444013154,2.3550689266711764,-2.0345798516845592,2.452884259357885,129.88703059842925,-170.2660199915937,-99.83999959893642,26.4245075926208,7.258033983054251,11.30780630629882,25.86209606218176,1,1.2
4635,37.77559597217461,0.0010149436608726,217.00024869946463,1.1470628674645376,-1.9616283047957703,-0.433739295187272,-117.08009860923036,29.466318274007705,117.45591389243668,75.27911472042344,6.485663088873402,5.953094675520994,91.86316086086164,1,1.6
4661,37.77538012274903,-0.0013208217564774,232.30673300158705,-2.888517995669405,1.641265108414884,2.059865365567447,-45.00941898644547,-60.48114666241604,63.4244740074345,38.12375097819952,20.711658421458345,4.384689768297334,73.66535786025062,1,1.1
4662,37.77354115200906,0.0015720622369076,442.6342325807819,2.7213408403205896,1.4269639640627236,0.1683128246130736,-24.79187582976388,168.7048442283812,142.9526738710062,27.7547947470243,27.048456144229707,19.25822150838937,91.41631220110663,1,1.6
4671,37.77411225379985,-0.0009035907350502,479.40411086438974,2.01353165335755,1.670173582767207,0.0631136863793995,-51.44463714391628,3.4025234111192333,80.13590639405402,12.76842234823255,13.713424924756948,5.120173813195887,83.79651922023565,1,1.5
4674,37.77663216975723,0.0007408983705073,135.85651946412742,-2.6049735470141853,0.5607673347110174,0.8557365296880954,-63.41516838809292,28.106203670094573,101.4823792462846,3.9972597477095873,5.731995667003607,9.775526462072948,37.20773893388765,1,1.0
4675,37.77349024207292,-0.0013276127576033,413.230896591121,-2.7435323608523463,-1.3005056263357533,1.0459543465863064,-68.22702942848494,82.37329105725837,175.93754796986468,1.9363799139149096,24.35023062450413,3.804401933577031,80.11398961304849,1,0.9
4692,37.77460648957729,-0.0004189127252221,75.21310996201115,0.3189796780283398,1.7776702697869702,-2.1182049539487533,-123.06479644650744,-3.358901270982898,-51.69851365212929,22.108101582777987,7.112143683705361,10.50478183167302,83.96225801014087,1,0.9
4698,37.77574065427476,0.0009955466245745,110.433633977834,-2.365588392441297,-2.895510576352644,2.19573961166921,-86.4950621851873,-49.60830928688483,131.83841811400407,34.99442056893516,13.366900540830096,6.57566396788249,31.676546731439323,1,0.8
4719,37.77542556168624,-0.0012475317860018,77.88876619528372,0.1710910269585626,0.0797301623189716,-2.3920655017250456,-177.55382613630863,-153.34978450560803,-5.386100704435904,3.0754649498248163,6.758201712875504,13.832147769009168,64.5365095168958,1,0.9
4722,37.773711519614935,0.001521656201099,210.7719148982204,-0.734225519159132,0.9298841642333286,-0.038903182068438,-2.222985364654249,124.5917187842768,141.4456718839915,10.862275188893356,13.640515184694223,14.113601552587731,92.14934165823976,1,1.3
4733,37.77377424223116,-0.0012768675218329,159.86156936310786,2.781300828978328,0.5232127792608727,2.5737040184945137,10.241592244587224,34.2519310939912,-14.875099600220324,27.834611007086988,15.799297312281404,17.785936941833917,62.46217624662002,1,0.9
4754,37.776212298876416,0.000472568188243,440.8094035455658,2.5616437387206528,-2.95684226395284,-2.5509068970866213,-101.98743604290064,55.72473129897074,-10.694919826275909,3.109793315426088,19.00641874038012,1.62975332568273,69.26564284461264,1,1.1
4771,37.77349730565626,-0.0019287153319452,89.2973176513111,2.360057716825149,-0.795638044622808,1.3819705303564265,102.05841275328578,-148.93024195400034,46.5216763436307,4.461083818512304,27.966536347649207,17.692942687315924,28.84715947347612,1,1.5
4778,37.775310111432994,-0.0002160262473913,426.6224801644803,1.8499583935293868,-0.5026819154542386,1.7845969299225608,-178.88470683185406,-108.03094783441291,-8.081958607903204,41.07123813049176,28.15307464889438,16.483514124266087,46.029082409832434,1,0.8
4809,37.775769206849645,0.0012500964079398,278.457721085788,-1.4325947938902934,-0.4130190411911894,0.1606276998919091,144.15596187890765,-76.6364418459954,103.37754250316527,7.078209533007067,5.9946055661172375,16.45966001861322,94.8580401290794,1,1.5
4828,37.77568205786562,-0.0015606007625065,403.9758775480559,-2.7350637053296127,-0.8812115489336847,-1.0137566596771064,110.19306857613554,157.62277861607038,176.45936160131163,18.25264837358652,18.16363935604941,7.391670982883913,80.28088581315865,1,1.0
4853,37.77386933126578,0.0013480747600562,137.40481836301177,1.2299078308654847,1.2860551983268875,1.233598578718528,-41.63387963610623,-100.24134616802392,114.2476921453112,27.75334028115717,18.49133663162776,6.4010443600418165,22.65143838226182,1,0.9
4905,37.77400997262582,-0.0005552249624352,464.4632822242109,0.4777711654988645,-2.325295960598801,1.743070590547772,65.63684829887691,-4.664594029317556,-137.76230020830502,0.8628842045350791,11.891922579681111,1.542763679953354,67.22795556593314,1,1.4
4909,37.77632894236008,0.0009441795602458,471.10992418818114,2.716920370701489,-1.1454270678017444,-1.350798609669826,-94.7670355440612,58.46754684699937,-56.60718708337421,49.9723042101943,9.178785203695458,13.182612786434609,83.0029491869725,1,1.3
4933,37.77362629694402,-0.0017145678753736,307.1082045681254,0.1315797168225612,-2.662635419307233,-2.614048299105311,-149.09018737454386,56.111189081361374,163.59102769079504,35.17457890681562,29.325318816477093,12.652879948431622,61.30121518178929,1,1.5
4935,37.77516263464936,-0.000142662177939,402.76057126425513,0.6233718008686333,-1.795210414086835,-0.8915241532201987,-9.702898393843611,-99.26672312502345,-45.9569933803173,25.41499997017127,15.149313206698126,17.755929678311343,67.30047300934778,1,1.4
4943,37.77563479372089,0.0012988431918388,276.44210153373376,0.1325028549736586,-2.471968498165791,-2.629085741931485,-115.20492695796472,-148.54140017833527,-77.79846922878303,3.044913593261643,13.278744600725735,11.051839399700036,45.89490900390256,1,1.4
4970,37.77573102495044,-0.0012214491555463,396.06045745219154,1.738592926767998,-0.6383379483322682,-2.456589158988834,28.69460607524169,-70.13459725665687,119.28718339061516,47.14277205932923,9.210838693164174,19.369296973763536,70.52265033429686,1,1.0
4974,37.77356495864994,0.0016206344956071,310.99249420343773,1.555941411470411,-1.7102852990584754,1.6624259479372503,96.43204896183238,21.924691716906068,177.00098876402296,40.2326261677865,28.86202776370515,9.342235341109706,98.32802447359686,1,0.9
